Is Duplicate Row?-2,State Full Name,Is Duplicate Row?,VIN (1-10),County,City,Postal Code,Model Year,Vehicle Age,Make,Model,Electric Vehicle Type,Clean Alternative Fuel Vehicle (CAFV) Eligibility,Electric Range,Base MSRP,Legislative District,DOL Vehicle ID,Longitude,Latitude,Electric Utility,2020 Census Tract
Unique,Washington,Unique,5YJSA1S15E,King,Kirkland,98034,2014,12,Tesla,MODEL S,Battery Electric Vehicle (BEV),Clean Alternative Fuel Vehicle Eligible,208,69900,1,180455348,-122.22901,47.72201,PUGET SOUND ENERGY INC||CITY OF TACOMA - (WA),53033022300
Unique,Washington,Unique,5YJSA1DN2D,King,Bellevue,98008,2013,13,Tesla,MODEL S,Battery Electric Vehicle (BEV),Clean Alternative Fuel Vehicle Eligible,208,69900,48,141552869,-122.11867,47.63131,PUGET SOUND ENERGY INC||CITY OF TACOMA - (WA),53033023100
Unique,Washington,Unique,WBAJB1C58K,King,Bellevue,98006,2019,7,Bmw,530E,Plug-in Hybrid Electric Vehicle (PHEV),Not eligible due to low battery range,15,55700,41,175328387,-122.12096,47.55584,PUGET SOUND ENERGY INC||CITY OF TACOMA - (WA),53033025007
Unique,Washington,Unique,LYVBR0DL0K,King,Seattle,98116,2019,7,Volvo,XC60,Plug-in Hybrid Electric Vehicle (PHEV),Not eligible due to low battery range,17,52900,34,183515069,-122.41067,47.57894,CITY OF SEATTLE - (WA)|CITY OF TACOMA - (WA),53033009702
Unique,Washington,Unique,LREKK5RX7J,Whatcom,Lynden,98264,2018,8,Cadillac,CT6,Plug-in Hybrid Electric Vehicle (PHEV),Clean Alternative Fuel Vehicle Eligible,31,75095,42,476538870,-122.45079,48.9429,PUGET SOUND ENERGY INC||PUD NO 1 OF WHATCOM COUNTY,53073010303
Unique,Washington,Unique,WP0AH2A77J,Thurston,Lacey,98516,2018,8,Porsche,PANAMERA,Plug-in Hybrid Electric Vehicle (PHEV),Not eligible due to low battery range,14,184400,22,275095369,-122.75379,47.06316,PUGET SOUND ENERGY INC,53067012221
Unique,Washington,Unique,5YJSA1DG6D,King,Seattle,98112,2013,13,Tesla,MODEL S,Battery Electric Vehicle (BEV),Clean Alternative Fuel Vehicle Eligible,208,69900,43,225066159,-122.30716,47.62687,CITY OF SEATTLE - (WA)|CITY OF TACOMA - (WA),53033006300
Unique,Washington,Unique,LYVBR0DL4K,King,Medina,98039,2019,7,Volvo,XC60,Plug-in Hybrid Electric Vehicle (PHEV),Not eligible due to low battery range,17,52900,48,311505449,-122.23892,47.61613,PUGET SOUND ENERGY INC||CITY OF TACOMA - (WA),53033024200
Unique,Washington,Unique,LYVBR0DLXK,King,Kirkland,98034,2019,7,Volvo,XC60,Plug-in Hybrid Electric Vehicle (PHEV),Not eligible due to low battery range,17,52900,1,203022592,-122.22901,47.72201,PUGET SOUND ENERGY INC||CITY OF TACOMA - (WA),53033022205
Unique,Washington,Unique,5YJSA1CN9D,King,Seattle,98105,2013,13,Tesla,MODEL S,Battery Electric Vehicle (BEV),Clean Alternative Fuel Vehicle Eligible,208,69900,46,231596550,-122.31307,47.66127,PUGET SOUND ENERGY INC||CITY OF TACOMA - (WA),53033004102
Unique,Washington,Unique,WMZYU7C53K,King,Seattle,98119,2019,7,Mini,COUNTRYMAN,Plug-in Hybrid Electric Vehicle (PHEV),Not eligible due to low battery range,12,36900,36,204632221,-122.3684,47.64586,CITY OF SEATTLE - (WA)|CITY OF TACOMA - (WA),53033006900
Unique,Washington,Unique,5YJRE11B08,King,Seattle,98103,2008,18,Tesla,ROADSTER,Battery Electric Vehicle (BEV),Clean Alternative Fuel Vehicle Eligible,220,98950,43,105108503,-122.35436,47.67596,CITY OF SEATTLE - (WA)|CITY OF TACOMA - (WA),53033004901
Unique,Washington,Unique,5YJSA1AG1D,King,Woodinville,98072,2013,13,Tesla,MODEL S,Battery Electric Vehicle (BEV),Clean Alternative Fuel Vehicle Eligible,208,69900,45,7917311,-122.15545,47.75448,PUGET SOUND ENERGY INC||CITY OF TACOMA - (WA),53033032326
Unique,Washington,Unique,KNDJP3AE8G,King,Seattle,98144,2016,10,Kia,SOUL,Battery Electric Vehicle (BEV),Clean Alternative Fuel Vehicle Eligible,93,31950,37,8641244,-122.30866,47.57874,CITY OF SEATTLE - (WA)|CITY OF TACOMA - (WA),53033009400
Unique,Washington,Unique,WP1AE2AY0L,King,Carnation,98014,2020,6,Porsche,CAYENNE,Plug-in Hybrid Electric Vehicle (PHEV),Not eligible due to low battery range,14,81100,5,126083002,-121.91353,47.64901,PUGET SOUND ENERGY INC||CITY OF TACOMA - (WA),53033032500
Unique,Washington,Unique,5YJSA1DG0D,King,Seattle,98199,2013,13,Tesla,MODEL S,Battery Electric Vehicle (BEV),Clean Alternative Fuel Vehicle Eligible,208,69900,36,223375876,-122.40092,47.65908,CITY OF SEATTLE - (WA)|CITY OF TACOMA - (WA),53033005700
Unique,Washington,Unique,YV4BR0DM0J,Pierce,University Place,98467,2018,8,Volvo,XC60,Plug-in Hybrid Electric Vehicle (PHEV),Not eligible due to low battery range,17,52900,28,237668490,-122.53691,47.20606,BONNEVILLE POWER ADMINISTRATION||CITY OF TACOMA - (WA)||PENINSULA LIGHT COMPANY,53053072315
Unique,Washington,Unique,5YJSA1DN1D,Skagit,Mount Vernon,98274,2013,13,Tesla,MODEL S,Battery Electric Vehicle (BEV),Clean Alternative Fuel Vehicle Eligible,208,69900,10,314279514,-122.32267,48.41626,PUGET SOUND ENERGY INC,53057952403
Unique,Washington,Unique,KNDJP3AE8H,King,Sammamish,98075,2017,9,Kia,SOUL EV,Battery Electric Vehicle (BEV),Clean Alternative Fuel Vehicle Eligible,93,32250,41,348303770,-122.03539,47.61344,PUGET SOUND ENERGY INC||CITY OF TACOMA - (WA),53033032213
Unique,Washington,Unique,KNDJX3AE7G,Pierce,Lakewood,98498,2016,10,Kia,SOUL,Battery Electric Vehicle (BEV),Clean Alternative Fuel Vehicle Eligible,93,31950,28,349757229,-122.54795,47.17997,PUGET SOUND ENERGY INC||CITY OF TACOMA - (WA),53053072107
Unique,Washington,Unique,LYVBR0DL8K,Snohomish,Marysville,98270,2019,7,Volvo,XC60,Plug-in Hybrid Electric Vehicle (PHEV),Not eligible due to low battery range,17,52900,39,194079945,-122.1769,48.06114,PUGET SOUND ENERGY INC,53061052708
Unique,Washington,Unique,WP1AE2AY4L,King,Kirkland,98033,2020,6,Porsche,CAYENNE,Plug-in Hybrid Electric Vehicle (PHEV),Not eligible due to low battery range,14,81100,48,107625563,-122.2066,47.67887,PUGET SOUND ENERGY INC||CITY OF TACOMA - (WA),53033022702
Unique,Washington,Unique,YV4BR0PL7J,King,Mercer Island,98040,2018,8,Volvo,XC90,Plug-in Hybrid Electric Vehicle (PHEV),Not eligible due to low battery range,19,64950,41,310359556,-122.21238,47.57816,PUGET SOUND ENERGY INC||CITY OF TACOMA - (WA),53033024301
Unique,Washington,Unique,YV4BR0DK8J,Pierce,Gig Harbor,98335,2018,8,Volvo,XC60,Plug-in Hybrid Electric Vehicle (PHEV),Not eligible due to low battery range,17,52900,26,192783839,-122.58009,47.328,BONNEVILLE POWER ADMINISTRATION||CITY OF TACOMA - (WA)||PENINSULA LIGHT COMPANY,53053072405
Unique,Washington,Unique,WBA8E1C51J,Pierce,Fife,98424,2018,8,Bmw,330E,Plug-in Hybrid Electric Vehicle (PHEV),Not eligible due to low battery range,14,45600,25,203158854,-122.35686,47.23679,BONNEVILLE POWER ADMINISTRATION||CITY OF TACOMA - (WA)||PENINSULA LIGHT COMPANY,53053940002
Unique,Washington,Unique,YV4BR0DM3J,King,Seattle,98112,2018,8,Volvo,XC60,Plug-in Hybrid Electric Vehicle (PHEV),Not eligible due to low battery range,17,52900,43,131251179,-122.30716,47.62687,CITY OF SEATTLE - (WA)|CITY OF TACOMA - (WA),53033006300
Unique,Washington,Unique,YV4BR0DM6J,King,Fall City,98024,2018,8,Volvo,XC60,Plug-in Hybrid Electric Vehicle (PHEV),Not eligible due to low battery range,17,52900,5,140707584,-121.89086,47.56812,PUGET SOUND ENERGY INC||CITY OF TACOMA - (WA),53033032605
Unique,Washington,Unique,WP1AE2AYXL,King,Seattle,98122,2020,6,Porsche,CAYENNE,Plug-in Hybrid Electric Vehicle (PHEV),Not eligible due to low battery range,14,81100,37,152059596,-122.31009,47.60803,CITY OF SEATTLE - (WA)|CITY OF TACOMA - (WA),53033007800
Unique,Washington,Unique,WBA8E1C5XJ,King,Redmond,98052,2018,8,Bmw,330E,Plug-in Hybrid Electric Vehicle (PHEV),Not eligible due to low battery range,14,45600,45,305796613,-122.13158,47.67858,PUGET SOUND ENERGY INC||CITY OF TACOMA - (WA),53033032321
Unique,Washington,Unique,YV4BR0PL5J,Pierce,Auburn,98092,2018,8,Volvo,XC90,Plug-in Hybrid Electric Vehicle (PHEV),Not eligible due to low battery range,19,64950,31,172530641,-122.17663,47.32326,PUGET SOUND ENERGY INC||CITY OF TACOMA - (WA),53053070316
Unique,Washington,Unique,LYVBR0DL2J,King,Seattle,98115,2018,8,Volvo,XC60,Plug-in Hybrid Electric Vehicle (PHEV),Not eligible due to low battery range,17,52900,46,105027730,-122.31765,47.70013,CITY OF SEATTLE - (WA)|CITY OF TACOMA - (WA),53033002700
Unique,Washington,Unique,2C4RC1L76K,Spokane,Spokane,99224,2019,7,Chrysler,PACIFICA,Plug-in Hybrid Electric Vehicle (PHEV),Clean Alternative Fuel Vehicle Eligible,32,39995,6,475722012,-117.46996,47.59431,BONNEVILLE POWER ADMINISTRATION||AVISTA CORP||INLAND POWER & LIGHT COMPANY,53063013503
Unique,Washington,Unique,WP1AE2AY5L,Kitsap,Bainbridge Island,98110,2020,6,Porsche,CAYENNE,Plug-in Hybrid Electric Vehicle (PHEV),Not eligible due to low battery range,14,81100,23,179684053,-122.521,47.62728,PUGET SOUND ENERGY INC,53035091002
Unique,Washington,Unique,5YJSA1DP9D,Clark,Battle Ground,98604,2013,13,Tesla,MODEL S,Battery Electric Vehicle (BEV),Clean Alternative Fuel Vehicle Eligible,208,69900,18,207796942,-122.5331,45.78092,BONNEVILLE POWER ADMINISTRATION||PUD NO 1 OF CLARK COUNTY - (WA),53011040505
Unique,Washington,Unique,WBA7J2C34H,King,Seattle,98101,2017,9,Bmw,740E,Plug-in Hybrid Electric Vehicle (PHEV),Not eligible due to low battery range,14,89100,43,226103930,-122.34223,47.61085,CITY OF SEATTLE - (WA)|CITY OF TACOMA - (WA),53033008102
Unique,Washington,Unique,5YJSA1S14E,Pierce,Graham,98338,2014,12,Tesla,MODEL S,Battery Electric Vehicle (BEV),Clean Alternative Fuel Vehicle Eligible,208,69900,2,140929855,-122.29477,47.05703,BONNEVILLE POWER ADMINISTRATION||CITY OF TACOMA - (WA)||PENINSULA LIGHT COMPANY,53053073124
Unique,Washington,Unique,5YJSA1H22E,Clark,Brush Prairie,98606,2014,12,Tesla,MODEL S,Battery Electric Vehicle (BEV),Clean Alternative Fuel Vehicle Eligible,208,69900,17,106128977,-122.54578,45.73473,BONNEVILLE POWER ADMINISTRATION||PUD NO 1 OF CLARK COUNTY - (WA),53011040715
Unique,Washington,Unique,WP1AE2AY6L,King,Mercer Island,98040,2020,6,Porsche,CAYENNE,Plug-in Hybrid Electric Vehicle (PHEV),Not eligible due to low battery range,14,81100,41,131615053,-122.21238,47.57816,PUGET SOUND ENERGY INC||CITY OF TACOMA - (WA),53033024400
Unique,Washington,Unique,WBAJB1C57K,King,Seattle,98118,2019,7,Bmw,530E,Plug-in Hybrid Electric Vehicle (PHEV),Not eligible due to low battery range,15,55700,37,478381291,-122.2668,47.55115,CITY OF SEATTLE - (WA)|CITY OF TACOMA - (WA),53033010200
Unique,Washington,Unique,5YJSA1CP3C,King,Federal Way,98023,2012,14,Tesla,MODEL S,Battery Electric Vehicle (BEV),Clean Alternative Fuel Vehicle Eligible,265,59900,30,113322436,-122.35206,47.30297,PUGET SOUND ENERGY INC||CITY OF TACOMA - (WA),53033030201
Unique,Washington,Unique,WBA8E1C52J,King,Auburn,98092,2018,8,Bmw,330E,Plug-in Hybrid Electric Vehicle (PHEV),Not eligible due to low battery range,14,45600,31,247393870,-122.17663,47.32326,PUGET SOUND ENERGY INC||CITY OF TACOMA - (WA),53033031204
Unique,Washington,Unique,YV4BR0DLXJ,Spokane,Spokane,99201,2018,8,Volvo,XC60,Plug-in Hybrid Electric Vehicle (PHEV),Not eligible due to low battery range,17,52900,3,475966298,-117.41162,47.65726,MODERN ELECTRIC WATER COMPANY,53063002300
Unique,Washington,Unique,WBA7J2C37H,Chelan,Wenatchee,98801,2017,9,Bmw,740E,Plug-in Hybrid Electric Vehicle (PHEV),Not eligible due to low battery range,14,89100,12,144681414,-120.30522,47.41494,PUD NO 1 OF CHELAN COUNTY,53007961304
Unique,Washington,Unique,5YJSA1DP8C,Island,Clinton,98236,2012,14,Tesla,MODEL S,Battery Electric Vehicle (BEV),Clean Alternative Fuel Vehicle Eligible,265,59900,10,156500732,-122.35803,47.9796,PUGET SOUND ENERGY INC,53029972100
Unique,Washington,Unique,2C4RC1H76K,Pierce,Lakewood,98499,2019,7,Chrysler,PACIFICA,Plug-in Hybrid Electric Vehicle (PHEV),Clean Alternative Fuel Vehicle Eligible,32,39995,29,180792545,-122.51495,47.16195,BONNEVILLE POWER ADMINISTRATION||CITY OF TACOMA - (WA)||LAKEVIEW LIGHT & POWER|PENINSULA LIGHT COMPANY,53053071807
Unique,Washington,Unique,5YJSA1CP7D,King,Kirkland,98034,2013,13,Tesla,MODEL S,Battery Electric Vehicle (BEV),Clean Alternative Fuel Vehicle Eligible,208,69900,1,114333663,-122.22901,47.72201,PUGET SOUND ENERGY INC||CITY OF TACOMA - (WA),53033022203
Unique,Washington,Unique,KNDJP3AE5J,King,Seattle,98115,2018,8,Kia,SOUL EV,Battery Electric Vehicle (BEV),Clean Alternative Fuel Vehicle Eligible,111,33950,46,290471478,-122.31765,47.70013,CITY OF SEATTLE - (WA)|CITY OF TACOMA - (WA),53033002000
Unique,Washington,Unique,5YJSA1DN4C,Pierce,South Hill,98374,2012,14,Tesla,MODEL S,Battery Electric Vehicle (BEV),Clean Alternative Fuel Vehicle Eligible,265,59900,25,282298628,-122.28449,47.146,PUGET SOUND ENERGY INC||CITY OF TACOMA - (WA),53053071210
Unique,Washington,Unique,YH4K16AA1C,King,Seattle,98136,2012,14,Fisker,KARMA,Plug-in Hybrid Electric Vehicle (PHEV),Clean Alternative Fuel Vehicle Eligible,33,102000,34,191261577,-122.38415,47.53755,CITY OF SEATTLE - (WA)|CITY OF TACOMA - (WA),53033011601
Unique,Washington,Unique,5YJSA1AC8D,King,Seattle,98112,2013,13,Tesla,MODEL S,Battery Electric Vehicle (BEV),Clean Alternative Fuel Vehicle Eligible,208,69900,43,251665550,-122.30716,47.62687,CITY OF SEATTLE - (WA)|CITY OF TACOMA - (WA),53033006200
Unique,Washington,Unique,LYVBR0DK5K,Spokane,Spokane Valley,99016,2019,7,Volvo,XC60,Plug-in Hybrid Electric Vehicle (PHEV),Not eligible due to low battery range,17,52900,4,198897912,-117.1748,47.65699,BONNEVILLE POWER ADMINISTRATION||AVISTA CORP||INLAND POWER & LIGHT COMPANY,53063013102
Unique,Washington,Unique,2C4RC1N70K,King,Carnation,98014,2019,7,Chrysler,PACIFICA,Plug-in Hybrid Electric Vehicle (PHEV),Clean Alternative Fuel Vehicle Eligible,32,39995,5,477849837,-121.91353,47.64901,PUGET SOUND ENERGY INC||CITY OF TACOMA - (WA),53033032402
Unique,Washington,Unique,5YJSA1H17E,Kitsap,Bainbridge Island,98110,2014,12,Tesla,MODEL S,Battery Electric Vehicle (BEV),Clean Alternative Fuel Vehicle Eligible,208,69900,23,251830526,-122.521,47.62728,PUGET SOUND ENERGY INC,53035090800
Unique,Washington,Unique,5YJSA1CN5C,King,Federal Way,98023,2012,14,Tesla,MODEL S,Battery Electric Vehicle (BEV),Clean Alternative Fuel Vehicle Eligible,265,59900,30,170602155,-122.35206,47.30297,BONNEVILLE POWER ADMINISTRATION||CITY OF TACOMA - (WA)||PENINSULA LIGHT COMPANY,53033030306
Unique,Washington,Unique,5YJSA1DN3C,King,Seattle,98177,2012,14,Tesla,MODEL S,Battery Electric Vehicle (BEV),Clean Alternative Fuel Vehicle Eligible,265,59900,32,104971016,-122.36498,47.72238,CITY OF SEATTLE - (WA)|CITY OF TACOMA - (WA),53033000500
Unique,Washington,Unique,YV4BR0DL4J,King,Bellevue,98006,2018,8,Volvo,XC60,Plug-in Hybrid Electric Vehicle (PHEV),Not eligible due to low battery range,17,52900,41,124761836,-122.12096,47.55584,PUGET SOUND ENERGY INC||CITY OF TACOMA - (WA),53033024800
Unique,Washington,Unique,WBAJA9C54K,King,Redmond,98052,2019,7,Bmw,530E,Plug-in Hybrid Electric Vehicle (PHEV),Not eligible due to low battery range,16,53400,48,131438863,-122.13158,47.67858,PUGET SOUND ENERGY INC||CITY OF TACOMA - (WA),53033032330
Unique,Washington,Unique,5YJSA1CG5D,Snohomish,Edmonds,98020,2013,13,Tesla,MODEL S,Battery Electric Vehicle (BEV),Clean Alternative Fuel Vehicle Eligible,208,69900,21,110569413,-122.37689,47.81116,PUGET SOUND ENERGY INC,53061050501
Unique,Washington,Unique,YV4BR0DK2J,King,Seattle,98115,2018,8,Volvo,XC60,Plug-in Hybrid Electric Vehicle (PHEV),Not eligible due to low battery range,17,52900,46,150273595,-122.31765,47.70013,CITY OF SEATTLE - (WA)|CITY OF TACOMA - (WA),53033002200
Unique,Washington,Unique,KNDJX3AE8G,King,Bellevue,98008,2016,10,Kia,SOUL,Battery Electric Vehicle (BEV),Clean Alternative Fuel Vehicle Eligible,93,31950,48,192798875,-122.11867,47.63131,PUGET SOUND ENERGY INC||CITY OF TACOMA - (WA),53033022901
Unique,Washington,Unique,KNDJX3AE6H,Spokane,Spokane,99208,2017,9,Kia,SOUL EV,Battery Electric Vehicle (BEV),Clean Alternative Fuel Vehicle Eligible,93,32250,7,203046798,-117.45005,47.7333,BONNEVILLE POWER ADMINISTRATION||AVISTA CORP||INLAND POWER & LIGHT COMPANY,53063010508
Unique,Washington,Unique,WBA7J2C50J,Mason,Union,98592,2018,8,Bmw,740E,Plug-in Hybrid Electric Vehicle (PHEV),Not eligible due to low battery range,14,90700,35,172928913,-123.09944,47.35689,BONNEVILLE POWER ADMINISTRATION||CITY OF TACOMA - (WA)||PUD NO 1 OF MASON COUNTY,53045960500
Unique,Washington,Unique,WBA8E1C3XH,King,Kent,98030,2017,9,Bmw,330E,Plug-in Hybrid Electric Vehicle (PHEV),Not eligible due to low battery range,14,44100,47,110089024,-122.19564,47.37271,PUGET SOUND ENERGY INC||CITY OF TACOMA - (WA),53033029604
Unique,Washington,Unique,5YJSA1CN7C,King,Bellevue,98007,2012,14,Tesla,MODEL S,Battery Electric Vehicle (BEV),Clean Alternative Fuel Vehicle Eligible,265,59900,48,212602568,-122.12053,47.61334,PUGET SOUND ENERGY INC||CITY OF TACOMA - (WA),53033023603
Unique,Washington,Unique,KNDJX3AE1H,Kitsap,Bremerton,98311,2017,9,Kia,SOUL EV,Battery Electric Vehicle (BEV),Clean Alternative Fuel Vehicle Eligible,93,32250,23,243930109,-122.6462,47.63132,PUGET SOUND ENERGY INC,53035091600
Unique,Washington,Unique,5YJSA1DN6D,King,Mercer Island,98040,2013,13,Tesla,MODEL S,Battery Electric Vehicle (BEV),Clean Alternative Fuel Vehicle Eligible,208,69900,41,161547242,-122.21238,47.57816,PUGET SOUND ENERGY INC||CITY OF TACOMA - (WA),53033024500
Unique,Washington,Unique,5YJRE1A15A,King,Burien,98146,2010,16,Tesla,ROADSTER,Battery Electric Vehicle (BEV),Clean Alternative Fuel Vehicle Eligible,245,110950,34,166264850,-122.36178,47.49408,CITY OF SEATTLE - (WA)|CITY OF TACOMA - (WA),53033026802
Unique,Washington,Unique,5YJRE1A14A,King,Seattle,98112,2010,16,Tesla,ROADSTER,Battery Electric Vehicle (BEV),Clean Alternative Fuel Vehicle Eligible,245,110950,43,108886998,-122.30716,47.62687,CITY OF SEATTLE - (WA)|CITY OF TACOMA - (WA),53033006400
Unique,Washington,Unique,WBA8E1C52H,King,Seattle,98115,2017,9,Bmw,330E,Plug-in Hybrid Electric Vehicle (PHEV),Not eligible due to low battery range,14,44100,46,321269182,-122.31765,47.70013,CITY OF SEATTLE - (WA)|CITY OF TACOMA - (WA),53033002200
Unique,Washington,Unique,LREKK5RX3J,King,Bellevue,98006,2018,8,Cadillac,CT6,Plug-in Hybrid Electric Vehicle (PHEV),Clean Alternative Fuel Vehicle Eligible,31,75095,41,207104460,-122.12096,47.55584,PUGET SOUND ENERGY INC||CITY OF TACOMA - (WA),53033024902
Unique,Washington,Unique,WBAJA9C56K,Pierce,Tacoma,98422,2019,7,Bmw,530E,Plug-in Hybrid Electric Vehicle (PHEV),Not eligible due to low battery range,16,53400,27,142757562,-122.41666,47.30682,BONNEVILLE POWER ADMINISTRATION||CITY OF TACOMA - (WA)||PENINSULA LIGHT COMPANY,53053940008
Unique,Washington,Unique,YH4K14AA8C,Snohomish,Edmonds,98026,2012,14,Fisker,KARMA,Plug-in Hybrid Electric Vehicle (PHEV),Clean Alternative Fuel Vehicle Eligible,33,102000,21,216204887,-122.31768,47.87166,PUGET SOUND ENERGY INC,53061050200
Unique,Washington,Unique,KNDJX3AE7H,Kitsap,Port Orchard,98366,2017,9,Kia,SOUL EV,Battery Electric Vehicle (BEV),Clean Alternative Fuel Vehicle Eligible,93,32250,26,164896959,-122.63847,47.54103,PUGET SOUND ENERGY INC,53035092500
Unique,Washington,Unique,5YJSA1DP1C,Skagit,Sedro-Woolley,98284,2012,14,Tesla,MODEL S,Battery Electric Vehicle (BEV),Clean Alternative Fuel Vehicle Eligible,265,59900,39,116859018,-122.23857,48.50858,PUGET SOUND ENERGY INC,53057951501
Unique,Washington,Unique,WBAJB1C54J,King,Seattle,98107,2018,8,Bmw,530E,Plug-in Hybrid Electric Vehicle (PHEV),Not eligible due to low battery range,14,54950,36,257276988,-122.38591,47.67597,CITY OF SEATTLE - (WA)|CITY OF TACOMA - (WA),53033004703
Unique,Washington,Unique,WBA8E1C5XH,King,Seattle,98119,2017,9,Bmw,330E,Plug-in Hybrid Electric Vehicle (PHEV),Not eligible due to low battery range,14,44100,36,245262573,-122.3684,47.64586,CITY OF SEATTLE - (WA)|CITY OF TACOMA - (WA),53033005804
Unique,Washington,Unique,5YJSA1DG2D,King,Seattle,98115,2013,13,Tesla,MODEL S,Battery Electric Vehicle (BEV),Clean Alternative Fuel Vehicle Eligible,208,69900,46,187891497,-122.31765,47.70013,CITY OF SEATTLE - (WA)|CITY OF TACOMA - (WA),53033001900
Unique,Washington,Unique,KNDJX3AE8J,Pierce,Tacoma,98403,2018,8,Kia,SOUL EV,Battery Electric Vehicle (BEV),Clean Alternative Fuel Vehicle Eligible,111,33950,27,333892933,-122.45691,47.26496,BONNEVILLE POWER ADMINISTRATION||CITY OF TACOMA - (WA)||PENINSULA LIGHT COMPANY,53053060600
Unique,Washington,Unique,5YJSA1AG9D,King,Sammamish,98074,2013,13,Tesla,MODEL S,Battery Electric Vehicle (BEV),Clean Alternative Fuel Vehicle Eligible,208,69900,45,215795177,-122.02054,47.60326,PUGET SOUND ENERGY INC||CITY OF TACOMA - (WA),53033032215
Unique,Washington,Unique,WBA7J2C5XJ,Skagit,Anacortes,98221,2018,8,Bmw,740E,Plug-in Hybrid Electric Vehicle (PHEV),Not eligible due to low battery range,14,90700,40,195488989,-122.61214,48.51748,PUGET SOUND ENERGY INC,53057940301
Unique,Washington,Unique,5YJSA1CG0D,King,Seattle,98115,2013,13,Tesla,MODEL S,Battery Electric Vehicle (BEV),Clean Alternative Fuel Vehicle Eligible,208,69900,46,114150284,-122.31765,47.70013,CITY OF SEATTLE - (WA)|CITY OF TACOMA - (WA),53033004201
Unique,Washington,Unique,5YJSA1H11E,Pierce,Gig Harbor,98335,2014,12,Tesla,MODEL S,Battery Electric Vehicle (BEV),Clean Alternative Fuel Vehicle Eligible,208,69900,26,130569463,-122.58009,47.328,BONNEVILLE POWER ADMINISTRATION||CITY OF TACOMA - (WA)||PENINSULA LIGHT COMPANY,53053072405
Unique,Washington,Unique,KNDJP3AE5H,Snohomish,Mountlake Terrace,98043,2017,9,Kia,SOUL EV,Battery Electric Vehicle (BEV),Clean Alternative Fuel Vehicle Eligible,93,32250,1,348998422,-122.31111,47.78803,PUGET SOUND ENERGY INC,53061051100
Unique,Washington,Unique,LYVBR0DL3J,King,Shoreline,98133,2018,8,Volvo,XC60,Plug-in Hybrid Electric Vehicle (PHEV),Not eligible due to low battery range,17,52900,32,179803039,-122.3503,47.71868,CITY OF SEATTLE - (WA)|CITY OF TACOMA - (WA),53033020700
Unique,Washington,Unique,5YJRE11B68,King,Seattle,98112,2008,18,Tesla,ROADSTER,Battery Electric Vehicle (BEV),Clean Alternative Fuel Vehicle Eligible,220,98950,37,8256251,-122.30716,47.62687,CITY OF SEATTLE - (WA)|CITY OF TACOMA - (WA),53033007800
Unique,Washington,Unique,5YJSA1S1XE,King,Bellevue,98005,2014,12,Tesla,MODEL S,Battery Electric Vehicle (BEV),Clean Alternative Fuel Vehicle Eligible,208,69900,41,246922588,-122.1621,47.64441,PUGET SOUND ENERGY INC||CITY OF TACOMA - (WA),53033023500
Unique,Washington,Unique,YV4BR0PK9J,Kitsap,Kingston,98346,2018,8,Volvo,XC90,Plug-in Hybrid Electric Vehicle (PHEV),Not eligible due to low battery range,19,64950,23,238385591,-122.49771,47.79803,PUGET SOUND ENERGY INC,53035090102
Unique,Washington,Unique,WBAJA9C5XJ,King,Seattle,98117,2018,8,Bmw,530E,Plug-in Hybrid Electric Vehicle (PHEV),Not eligible due to low battery range,16,52650,36,233594504,-122.38418,47.70044,CITY OF SEATTLE - (WA)|CITY OF TACOMA - (WA),53033003302
Unique,Washington,Unique,5YJRE11B88,King,Kirkland,98033,2008,18,Tesla,ROADSTER,Battery Electric Vehicle (BEV),Clean Alternative Fuel Vehicle Eligible,220,98950,45,146370661,-122.2066,47.67887,PUGET SOUND ENERGY INC||CITY OF TACOMA - (WA),53033022401
Unique,Washington,Unique,WBAJA9C57K,Pierce,Graham,98338,2019,7,Bmw,530E,Plug-in Hybrid Electric Vehicle (PHEV),Not eligible due to low battery range,16,53400,2,183391113,-122.29477,47.05703,BONNEVILLE POWER ADMINISTRATION||CITY OF TACOMA - (WA)||PENINSULA LIGHT COMPANY,53053073132
Unique,Washington,Unique,5YJSA1BG3D,Thurston,Lacey,98503,2013,13,Tesla,MODEL S,Battery Electric Vehicle (BEV),Clean Alternative Fuel Vehicle Eligible,208,69900,22,157838474,-122.82324,47.04437,PUGET SOUND ENERGY INC,53067011422
Unique,Washington,Unique,WBA8E1C58J,King,Auburn,98092,2018,8,Bmw,330E,Plug-in Hybrid Electric Vehicle (PHEV),Not eligible due to low battery range,14,45600,47,120804638,-122.17663,47.32326,PUGET SOUND ENERGY INC||CITY OF TACOMA - (WA),53033029602
Unique,Washington,Unique,WMZYU7C40J,King,Seattle,98118,2018,8,Mini,COUNTRYMAN,Plug-in Hybrid Electric Vehicle (PHEV),Not eligible due to low battery range,12,36800,37,100942929,-122.2668,47.55115,CITY OF SEATTLE - (WA)|CITY OF TACOMA - (WA),53033010200
Unique,Washington,Unique,5YJSA1AG2D,King,Seattle,98115,2013,13,Tesla,MODEL S,Battery Electric Vehicle (BEV),Clean Alternative Fuel Vehicle Eligible,208,69900,46,103733801,-122.31765,47.70013,PUGET SOUND ENERGY INC||CITY OF TACOMA - (WA),53033004000
Unique,Washington,Unique,YV4BR0DL8J,King,Snoqualmie,98065,2018,8,Volvo,XC60,Plug-in Hybrid Electric Vehicle (PHEV),Not eligible due to low battery range,17,52900,5,227476042,-121.82432,47.52716,PUGET SOUND ENERGY INC||CITY OF TACOMA - (WA),53033032603
Unique,Washington,Unique,YV4BR0PM9J,King,Woodinville,98072,2018,8,Volvo,XC90,Plug-in Hybrid Electric Vehicle (PHEV),Not eligible due to low battery range,19,64950,45,348976729,-122.15545,47.75448,PUGET SOUND ENERGY INC||CITY OF TACOMA - (WA),53033032320
Unique,Washington,Unique,WBAJA9C59J,King,Sammamish,98074,2018,8,Bmw,530E,Plug-in Hybrid Electric Vehicle (PHEV),Not eligible due to low battery range,16,52650,45,200725619,-122.02054,47.60326,PUGET SOUND ENERGY INC||CITY OF TACOMA - (WA),53033032217
Unique,Washington,Unique,LYVBR0DK6K,King,Seattle,98115,2019,7,Volvo,XC60,Plug-in Hybrid Electric Vehicle (PHEV),Not eligible due to low battery range,17,52900,43,476369736,-122.31765,47.70013,CITY OF SEATTLE - (WA)|CITY OF TACOMA - (WA),53033004301
Unique,Washington,Unique,2C4RC1N77K,King,Redmond,98053,2019,7,Chrysler,PACIFICA,Plug-in Hybrid Electric Vehicle (PHEV),Clean Alternative Fuel Vehicle Eligible,32,39995,45,477095496,-122.03287,47.68555,PUGET SOUND ENERGY INC||CITY OF TACOMA - (WA),53033032315
Unique,Washington,Unique,5YJSA1AG0D,Kitsap,Bainbridge Island,98110,2013,13,Tesla,MODEL S,Battery Electric Vehicle (BEV),Clean Alternative Fuel Vehicle Eligible,208,69900,23,183006197,-122.521,47.62728,,53035090800
Unique,Washington,Unique,LYVBR0DL9K,King,Seattle,98105,2019,7,Volvo,XC60,Plug-in Hybrid Electric Vehicle (PHEV),Not eligible due to low battery range,17,52900,46,142963236,-122.31307,47.66127,PUGET SOUND ENERGY INC||CITY OF TACOMA - (WA),53033004102
Unique,Washington,Unique,WBA8E1C50J,King,Seattle,98144,2018,8,Bmw,330E,Plug-in Hybrid Electric Vehicle (PHEV),Not eligible due to low battery range,14,45600,37,133434661,-122.30866,47.57874,CITY OF SEATTLE - (WA)|CITY OF TACOMA - (WA),53033009400
Unique,Washington,Unique,5YJRE1A10B,King,Kent,98042,2011,15,Tesla,ROADSTER,Battery Electric Vehicle (BEV),Clean Alternative Fuel Vehicle Eligible,245,109000,47,183441352,-122.09124,47.33778,PUGET SOUND ENERGY INC||CITY OF TACOMA - (WA),53033031708
Unique,Washington,Unique,5YJRE11B98,King,Burien,98166,2008,18,Tesla,ROADSTER,Battery Electric Vehicle (BEV),Clean Alternative Fuel Vehicle Eligible,220,98950,34,206984074,-122.34118,47.46665,PUGET SOUND ENERGY INC||CITY OF TACOMA - (WA),53033027902
Unique,Washington,Unique,WBA7J2C58J,Yakima,Selah,98942,2018,8,Bmw,740E,Plug-in Hybrid Electric Vehicle (PHEV),Not eligible due to low battery range,14,90700,15,179548379,-120.53113,46.65404,PACIFICORP,53077003400
Unique,Washington,Unique,LREKK5RX3H,King,Maple Valley,98038,2017,9,Cadillac,CT6,Plug-in Hybrid Electric Vehicle (PHEV),Clean Alternative Fuel Vehicle Eligible,31,75095,5,6305519,-122.04526,47.39394,PUGET SOUND ENERGY INC||CITY OF TACOMA - (WA),53033031604
Unique,Washington,Unique,WBAJB1C55J,Snohomish,Bothell,98012,2018,8,Bmw,530E,Plug-in Hybrid Electric Vehicle (PHEV),Not eligible due to low battery range,14,54950,1,115414470,-122.21061,47.83448,PUGET SOUND ENERGY INC,53061051933
Unique,Washington,Unique,WBA8E1C55J,King,Kirkland,98034,2018,8,Bmw,330E,Plug-in Hybrid Electric Vehicle (PHEV),Not eligible due to low battery range,14,45600,45,292913484,-122.22901,47.72201,PUGET SOUND ENERGY INC||CITY OF TACOMA - (WA),53033021904
Unique,Washington,Unique,KNDJP3AE0H,Grays Harbor,Hoquiam,98550,2017,9,Kia,SOUL EV,Battery Electric Vehicle (BEV),Clean Alternative Fuel Vehicle Eligible,93,32250,24,224657002,-123.88689,46.97982,BONNEVILLE POWER ADMINISTRATION||PUD NO 1 OF GRAYS HARBOR COUNTY,53027001500
Unique,Washington,Unique,5YJSA1DN8D,Snohomish,Everett,98203,2013,13,Tesla,MODEL S,Battery Electric Vehicle (BEV),Clean Alternative Fuel Vehicle Eligible,208,69900,38,144487962,-122.23019,47.94949,PUGET SOUND ENERGY INC,53061040900
Unique,Washington,Unique,WBA8E1C54G,Snohomish,Snohomish,98296,2016,10,Bmw,330E,Plug-in Hybrid Electric Vehicle (PHEV),Not eligible due to low battery range,14,43700,1,476225417,-122.1389,47.87115,PUGET SOUND ENERGY INC,53061052114
Unique,Washington,Unique,5YJRE1A35A,Kitsap,Bainbridge Island,98110,2010,16,Tesla,ROADSTER,Battery Electric Vehicle (BEV),Clean Alternative Fuel Vehicle Eligible,245,110950,23,265387573,-122.521,47.62728,PUGET SOUND ENERGY INC,53035090800
Unique,Washington,Unique,5YJSA1H1XE,King,Kirkland,98034,2014,12,Tesla,MODEL S,Battery Electric Vehicle (BEV),Clean Alternative Fuel Vehicle Eligible,208,69900,1,192749315,-122.22901,47.72201,PUGET SOUND ENERGY INC||CITY OF TACOMA - (WA),53033022203
Unique,Washington,Unique,WBA8E1C51H,King,Seattle,98119,2017,9,Bmw,330E,Plug-in Hybrid Electric Vehicle (PHEV),Not eligible due to low battery range,14,44100,36,211539163,-122.3684,47.64586,CITY OF SEATTLE - (WA)|CITY OF TACOMA - (WA),53033006000
Unique,Washington,Unique,YV4BR0DK7J,King,Seattle,98107,2018,8,Volvo,XC60,Plug-in Hybrid Electric Vehicle (PHEV),Not eligible due to low battery range,17,52900,36,206093387,-122.38591,47.67597,CITY OF SEATTLE - (WA)|CITY OF TACOMA - (WA),53033003201
Unique,Washington,Unique,5YJSA1CP0C,King,Clyde Hill,98004,2012,14,Tesla,MODEL S,Battery Electric Vehicle (BEV),Clean Alternative Fuel Vehicle Eligible,265,59900,48,264362836,-122.1872,47.61001,PUGET SOUND ENERGY INC||CITY OF TACOMA - (WA),53033024100
Unique,Washington,Unique,WP0AH2A7XJ,Snohomish,Lake Stevens,98258,2018,8,Porsche,PANAMERA,Plug-in Hybrid Electric Vehicle (PHEV),Not eligible due to low battery range,14,184400,44,144596238,-122.06402,48.01497,PUGET SOUND ENERGY INC,53061052505
Unique,Washington,Unique,5YJSA1DN0C,Snohomish,Arlington,98223,2012,14,Tesla,MODEL S,Battery Electric Vehicle (BEV),Clean Alternative Fuel Vehicle Eligible,265,59900,10,260723200,-122.1264,48.19471,BONNEVILLE POWER ADMINISTRATION||PUD 1 OF SNOHOMISH COUNTY,53061053400
Unique,Washington,Unique,YV4BR0DK3J,Clark,Vancouver,98684,2018,8,Volvo,XC60,Plug-in Hybrid Electric Vehicle (PHEV),Not eligible due to low battery range,17,52900,17,189485292,-122.5476,45.62832,BONNEVILLE POWER ADMINISTRATION||PUD NO 1 OF CLARK COUNTY - (WA),53011041317
Unique,Washington,Unique,5YJSA1AC1D,King,Covington,98042,2013,13,Tesla,MODEL S,Battery Electric Vehicle (BEV),Clean Alternative Fuel Vehicle Eligible,208,69900,47,189966115,-122.09124,47.33778,PUGET SOUND ENERGY INC||CITY OF TACOMA - (WA),53033031705
Unique,Washington,Unique,KNDJP3AE1J,Pacific,Raymond,98577,2018,8,Kia,SOUL EV,Battery Electric Vehicle (BEV),Clean Alternative Fuel Vehicle Eligible,111,33950,19,156670881,-123.72994,46.68867,BONNEVILLE POWER ADMINISTRATION||PUD NO 2 OF PACIFIC COUNTY,53049950200
Unique,Washington,Unique,WBA8E1C56J,Pierce,Fife,98424,2018,8,Bmw,330E,Plug-in Hybrid Electric Vehicle (PHEV),Not eligible due to low battery range,14,45600,25,195096002,-122.35686,47.23679,BONNEVILLE POWER ADMINISTRATION||CITY OF TACOMA - (WA)||PENINSULA LIGHT COMPANY,53053940002
Unique,Washington,Unique,KNDJX3AE7J,Whatcom,Bellingham,98229,2018,8,Kia,SOUL EV,Battery Electric Vehicle (BEV),Clean Alternative Fuel Vehicle Eligible,111,33950,40,180733619,-122.45516,48.74487,PUGET SOUND ENERGY INC||PUD NO 1 OF WHATCOM COUNTY,53073001202
Unique,Washington,Unique,5YJSA1AC6D,Thurston,Tenino,98589,2013,13,Tesla,MODEL S,Battery Electric Vehicle (BEV),Clean Alternative Fuel Vehicle Eligible,208,69900,20,3063028,-122.85135,46.85752,PUGET SOUND ENERGY INC,53067012530
Unique,Washington,Unique,5YJSA1CP4C,Pierce,Tacoma,98466,2012,14,Tesla,MODEL S,Battery Electric Vehicle (BEV),Clean Alternative Fuel Vehicle Eligible,265,59900,28,155060216,-122.5338,47.23594,BONNEVILLE POWER ADMINISTRATION||CITY OF TACOMA - (WA)||PENINSULA LIGHT COMPANY,53053072311
Unique,Washington,Unique,JF2GTDNC1K,Walla Walla,Walla Walla,99362,2019,7,Subaru,CROSSTREK,Plug-in Hybrid Electric Vehicle (PHEV),Not eligible due to low battery range,17,34995,16,176473860,-118.34261,46.07068,PACIFICORP,53071920902
Unique,Washington,Unique,WBA7J2C56J,Spokane,Veradale,99016,2018,8,Bmw,740E,Plug-in Hybrid Electric Vehicle (PHEV),Not eligible due to low battery range,14,90700,4,310978559,-117.1748,47.65699,BONNEVILLE POWER ADMINISTRATION||AVISTA CORP||INLAND POWER & LIGHT COMPANY,53063013001
Unique,Washington,Unique,KNDJP3AE5G,King,Covington,98042,2016,10,Kia,SOUL,Battery Electric Vehicle (BEV),Clean Alternative Fuel Vehicle Eligible,93,31950,47,224497885,-122.09124,47.33778,PUGET SOUND ENERGY INC||CITY OF TACOMA - (WA),53033032005
Unique,Washington,Unique,5YJSA1CP1D,Kitsap,Bremerton,98312,2013,13,Tesla,MODEL S,Battery Electric Vehicle (BEV),Clean Alternative Fuel Vehicle Eligible,208,69900,26,164768075,-122.66122,47.56573,PUGET SOUND ENERGY INC,53035081100
Unique,Washington,Unique,5YJSA1CN6D,King,Seattle,98102,2013,13,Tesla,MODEL S,Battery Electric Vehicle (BEV),Clean Alternative Fuel Vehicle Eligible,208,69900,43,177532925,-122.32427,47.63433,CITY OF SEATTLE - (WA)|CITY OF TACOMA - (WA),53033006500
Unique,Washington,Unique,LYVBR0DM1K,King,Kirkland,98034,2019,7,Volvo,XC60,Plug-in Hybrid Electric Vehicle (PHEV),Not eligible due to low battery range,17,52900,1,180847649,-122.22901,47.72201,PUGET SOUND ENERGY INC||CITY OF TACOMA - (WA),53033022201
Unique,Washington,Unique,LYVBR0DK7K,King,Seattle,98103,2019,7,Volvo,XC60,Plug-in Hybrid Electric Vehicle (PHEV),Not eligible due to low battery range,17,52900,43,474474857,-122.35436,47.67596,CITY OF SEATTLE - (WA)|CITY OF TACOMA - (WA),53033004901
Unique,Washington,Unique,5YJSA1DN1C,Skagit,Anacortes,98221,2012,14,Tesla,MODEL S,Battery Electric Vehicle (BEV),Clean Alternative Fuel Vehicle Eligible,265,59900,10,279701390,-122.61214,48.51748,PUGET SOUND ENERGY INC,53057940302
Unique,Washington,Unique,YH4K14AA2C,Snohomish,Everett,98201,2012,14,Fisker,KARMA,Plug-in Hybrid Electric Vehicle (PHEV),Clean Alternative Fuel Vehicle Eligible,33,102000,38,192654962,-122.20596,47.97659,PUGET SOUND ENERGY INC,53061040200
Unique,Washington,Unique,5YJSA1H10E,King,Seattle,98109,2014,12,Tesla,MODEL S,Battery Electric Vehicle (BEV),Clean Alternative Fuel Vehicle Eligible,208,69900,36,127169892,-122.346385,47.630685,CITY OF SEATTLE - (WA)|CITY OF TACOMA - (WA),53033007002
Unique,Washington,Unique,5YJSA1DP4C,Pierce,Tacoma,98407,2012,14,Tesla,MODEL S,Battery Electric Vehicle (BEV),Clean Alternative Fuel Vehicle Eligible,265,59900,27,147067602,-122.51766,47.27779,BONNEVILLE POWER ADMINISTRATION||CITY OF TACOMA - (WA)||PENINSULA LIGHT COMPANY,53053060400
Unique,Washington,Unique,2C4RC1H74K,Clark,Camas,98607,2019,7,Chrysler,PACIFICA,Plug-in Hybrid Electric Vehicle (PHEV),Clean Alternative Fuel Vehicle Eligible,32,39995,18,141948404,-122.40199,45.58694,BONNEVILLE POWER ADMINISTRATION||PUD NO 1 OF CLARK COUNTY - (WA),53011040608
Unique,Washington,Unique,KNDJP3AE3G,King,Redmond,98052,2016,10,Kia,SOUL,Battery Electric Vehicle (BEV),Clean Alternative Fuel Vehicle Eligible,93,31950,48,339038514,-122.13158,47.67858,PUGET SOUND ENERGY INC||CITY OF TACOMA - (WA),53033032330
Unique,Washington,Unique,YV4BR0DL9J,King,Seattle,98118,2018,8,Volvo,XC60,Plug-in Hybrid Electric Vehicle (PHEV),Not eligible due to low battery range,17,52900,37,336094699,-122.2668,47.55115,PUGET SOUND ENERGY INC||CITY OF TACOMA - (WA),53033011102
Unique,Washington,Unique,WMZYU7C58K,King,Seattle,98112,2019,7,Mini,COUNTRYMAN,Plug-in Hybrid Electric Vehicle (PHEV),Not eligible due to low battery range,12,36900,37,275180636,-122.30716,47.62687,CITY OF SEATTLE - (WA)|CITY OF TACOMA - (WA),53033007800
Unique,Washington,Unique,YV4BR0DL2J,King,Kirkland,98033,2018,8,Volvo,XC60,Plug-in Hybrid Electric Vehicle (PHEV),Not eligible due to low battery range,17,52900,48,189882780,-122.2066,47.67887,PUGET SOUND ENERGY INC||CITY OF TACOMA - (WA),53033022502
Unique,Washington,Unique,5YJSA1AC9D,Pierce,University Place,98467,2013,13,Tesla,MODEL S,Battery Electric Vehicle (BEV),Clean Alternative Fuel Vehicle Eligible,208,69900,28,156630246,-122.53691,47.20606,BONNEVILLE POWER ADMINISTRATION||CITY OF TACOMA - (WA)||PENINSULA LIGHT COMPANY,53053072313
Unique,Washington,Unique,5YJSA1CN8C,King,Seattle,98109,2012,14,Tesla,MODEL S,Battery Electric Vehicle (BEV),Clean Alternative Fuel Vehicle Eligible,265,59900,36,186056454,-122.346385,47.630685,CITY OF SEATTLE - (WA)|CITY OF TACOMA - (WA),53033007203
Unique,Washington,Unique,5YJRE1A11A,King,Bellevue,98004,2010,16,Tesla,ROADSTER,Battery Electric Vehicle (BEV),Clean Alternative Fuel Vehicle Eligible,245,110950,48,137365245,-122.1872,47.61001,PUGET SOUND ENERGY INC||CITY OF TACOMA - (WA),53033023806
Unique,Washington,Unique,LYVBR0DM2J,King,Seattle,98112,2018,8,Volvo,XC60,Plug-in Hybrid Electric Vehicle (PHEV),Not eligible due to low battery range,17,52900,43,139174584,-122.30716,47.62687,CITY OF SEATTLE - (WA)|CITY OF TACOMA - (WA),53033006200
Unique,Washington,Unique,YV4BR0PK5J,Thurston,Olympia,98502,2018,8,Volvo,XC90,Plug-in Hybrid Electric Vehicle (PHEV),Not eligible due to low battery range,19,64950,35,156820324,-122.92333,47.03779,PUGET SOUND ENERGY INC,53067011902
Unique,Washington,Unique,YV4BR0PK2J,Clallam,Sequim,98382,2018,8,Volvo,XC90,Plug-in Hybrid Electric Vehicle (PHEV),Not eligible due to low battery range,19,64950,24,331100185,-123.10367,48.07965,BONNEVILLE POWER ADMINISTRATION||PUD NO 1 OF CLALLAM COUNTY,53009001702
Unique,Washington,Unique,LYVBR0DK8K,King,Renton,98055,2019,7,Volvo,XC60,Plug-in Hybrid Electric Vehicle (PHEV),Not eligible due to low battery range,17,52900,33,289237567,-122.21152,47.43954,PUGET SOUND ENERGY INC||CITY OF TACOMA - (WA),53033029309
Unique,Washington,Unique,WMZYU7C54K,Pierce,Tacoma,98406,2019,7,Mini,COUNTRYMAN,Plug-in Hybrid Electric Vehicle (PHEV),Not eligible due to low battery range,12,36900,28,344488952,-122.52054,47.26887,BONNEVILLE POWER ADMINISTRATION||CITY OF TACOMA - (WA)||PENINSULA LIGHT COMPANY,53053060907
Unique,Washington,Unique,2C4RC1N73K,Snohomish,Brier,98036,2019,7,Chrysler,PACIFICA,Plug-in Hybrid Electric Vehicle (PHEV),Clean Alternative Fuel Vehicle Eligible,32,39995,1,127453175,-122.29245,47.82557,PUGET SOUND ENERGY INC,53061051914
Unique,Washington,Unique,2C4RC1H79K,Snohomish,Bothell,98021,2019,7,Chrysler,PACIFICA,Plug-in Hybrid Electric Vehicle (PHEV),Clean Alternative Fuel Vehicle Eligible,32,39995,1,316900251,-122.18384,47.8031,PUGET SOUND ENERGY INC,53061051937
Unique,Washington,Unique,5YJSA1S10E,Island,Camano Island,98282,2014,12,Tesla,MODEL S,Battery Electric Vehicle (BEV),Clean Alternative Fuel Vehicle Eligible,208,69900,10,249595524,-122.40049,48.23986,BONNEVILLE POWER ADMINISTRATION||PUD 1 OF SNOHOMISH COUNTY,53029971700
Unique,Washington,Unique,WBAJB1C59K,King,Mercer Island,98040,2019,7,Bmw,530E,Plug-in Hybrid Electric Vehicle (PHEV),Not eligible due to low battery range,15,55700,41,160875893,-122.21238,47.57816,PUGET SOUND ENERGY INC||CITY OF TACOMA - (WA),53033024500
Unique,Washington,Unique,5YJRE1A18A,King,North Bend,98045,2010,16,Tesla,ROADSTER,Battery Electric Vehicle (BEV),Clean Alternative Fuel Vehicle Eligible,245,110950,5,115173376,-121.7831,47.49348,PUGET SOUND ENERGY INC||CITY OF TACOMA - (WA),53033032704
Unique,Washington,Unique,WBA7J2C57J,Walla Walla,Walla Walla,99362,2018,8,Bmw,740E,Plug-in Hybrid Electric Vehicle (PHEV),Not eligible due to low battery range,14,90700,16,127076351,-118.34261,46.07068,PACIFICORP,53071920801
Unique,Washington,Unique,5YJSA1H19E,King,Kirkland,98033,2014,12,Tesla,MODEL S,Battery Electric Vehicle (BEV),Clean Alternative Fuel Vehicle Eligible,208,69900,45,419513,-122.2066,47.67887,PUGET SOUND ENERGY INC||CITY OF TACOMA - (WA),53033022402
Unique,Washington,Unique,5YJSA1H2XE,King,Bellevue,98006,2014,12,Tesla,MODEL S,Battery Electric Vehicle (BEV),Clean Alternative Fuel Vehicle Eligible,208,69900,41,193175517,-122.12096,47.55584,PUGET SOUND ENERGY INC||CITY OF TACOMA - (WA),53033025007
Unique,Washington,Unique,WMZYU7C57K,King,Snoqualmie,98065,2019,7,Mini,COUNTRYMAN,Plug-in Hybrid Electric Vehicle (PHEV),Not eligible due to low battery range,12,36900,5,124862958,-121.82432,47.52716,PUGET SOUND ENERGY INC||CITY OF TACOMA - (WA),53033032605
Unique,Washington,Unique,WBAJA9C54J,Kitsap,Poulsbo,98370,2018,8,Bmw,530E,Plug-in Hybrid Electric Vehicle (PHEV),Not eligible due to low battery range,16,52650,23,478450514,-122.64681,47.73689,PUGET SOUND ENERGY INC,53035940100
Unique,Washington,Unique,5YJRE1A1XB,Whatcom,Ferndale,98248,2011,15,Tesla,ROADSTER,Battery Electric Vehicle (BEV),Clean Alternative Fuel Vehicle Eligible,245,109000,42,250173563,-122.59351,48.84756,PUGET SOUND ENERGY INC||PUD NO 1 OF WHATCOM COUNTY,53073010505
Unique,Washington,Unique,5YJRE11B18,King,Issaquah,98029,2008,18,Tesla,ROADSTER,Battery Electric Vehicle (BEV),Clean Alternative Fuel Vehicle Eligible,220,98950,5,171437850,-122.00292,47.54748,PUGET SOUND ENERGY INC||CITY OF TACOMA - (WA),53033032221
Unique,Washington,Unique,5YJSA1H21E,Clark,Ridgefield,98642,2014,12,Tesla,MODEL S,Battery Electric Vehicle (BEV),Clean Alternative Fuel Vehicle Eligible,208,69900,18,189210381,-122.74595,45.81539,BONNEVILLE POWER ADMINISTRATION||PUD NO 1 OF CLARK COUNTY - (WA),53011040305
Unique,Washington,Unique,5YJSA1DG8D,King,Preston,98027,2013,13,Tesla,MODEL S,Battery Electric Vehicle (BEV),Clean Alternative Fuel Vehicle Eligible,208,69900,5,231642806,-122.03439,47.5301,PUGET SOUND ENERGY INC||CITY OF TACOMA - (WA),53033032221
Unique,Washington,Unique,5YJRE1A16A,King,Kirkland,98034,2010,16,Tesla,ROADSTER,Battery Electric Vehicle (BEV),Clean Alternative Fuel Vehicle Eligible,245,110950,1,197156711,-122.22901,47.72201,PUGET SOUND ENERGY INC||CITY OF TACOMA - (WA),53033022300
Unique,Washington,Unique,5YJSA1CN1C,Spokane,Spokane,99202,2012,14,Tesla,MODEL S,Battery Electric Vehicle (BEV),Clean Alternative Fuel Vehicle Eligible,265,59900,3,208282602,-117.3797,47.65548,MODERN ELECTRIC WATER COMPANY,53063014500
Unique,Washington,Unique,5YJSA1DN7D,Whatcom,Bellingham,98225,2013,13,Tesla,MODEL S,Battery Electric Vehicle (BEV),Clean Alternative Fuel Vehicle Eligible,208,69900,42,185029841,-122.47122,48.75235,PUGET SOUND ENERGY INC||PUD NO 1 OF WHATCOM COUNTY,53073000501
Unique,Washington,Unique,WBA8E1C31H,King,Kent,98030,2017,9,Bmw,330E,Plug-in Hybrid Electric Vehicle (PHEV),Not eligible due to low battery range,14,44100,47,259718259,-122.19564,47.37271,PUGET SOUND ENERGY INC||CITY OF TACOMA - (WA),53033029507
Unique,Washington,Unique,KNDJP3AE2H,Whatcom,Bellingham,98226,2017,9,Kia,SOUL EV,Battery Electric Vehicle (BEV),Clean Alternative Fuel Vehicle Eligible,93,32250,42,246305734,-122.49756,48.7999,PUGET SOUND ENERGY INC||PUD NO 1 OF WHATCOM COUNTY,53073000700
Unique,Washington,Unique,2C4RC1H77K,King,Seattle,98116,2019,7,Chrysler,PACIFICA,Plug-in Hybrid Electric Vehicle (PHEV),Clean Alternative Fuel Vehicle Eligible,32,39995,34,347352036,-122.41067,47.57894,CITY OF SEATTLE - (WA)|CITY OF TACOMA - (WA),53033010502
Unique,Washington,Unique,5YJSA1BG7D,King,Seattle,98125,2013,13,Tesla,MODEL S,Battery Electric Vehicle (BEV),Clean Alternative Fuel Vehicle Eligible,208,69900,46,230457769,-122.3026,47.72656,CITY OF SEATTLE - (WA)|CITY OF TACOMA - (WA),53033000900
Unique,Washington,Unique,WMZYU7C51K,Whatcom,Lynden,98264,2019,7,Mini,COUNTRYMAN,Plug-in Hybrid Electric Vehicle (PHEV),Not eligible due to low battery range,12,36900,42,208997575,-122.45079,48.9429,PUGET SOUND ENERGY INC||PUD NO 1 OF WHATCOM COUNTY,53073010302
Unique,Washington,Unique,5YJSA1CNXC,King,Burien,98146,2012,14,Tesla,MODEL S,Battery Electric Vehicle (BEV),Clean Alternative Fuel Vehicle Eligible,265,59900,34,311935865,-122.36178,47.49408,CITY OF SEATTLE - (WA)|CITY OF TACOMA - (WA),53033027500
Unique,Washington,Unique,JF2GTDNC2K,Kitsap,Bainbridge Island,98110,2019,7,Subaru,CROSSTREK,Plug-in Hybrid Electric Vehicle (PHEV),Not eligible due to low battery range,17,34995,23,1851286,-122.521,47.62728,PUGET SOUND ENERGY INC,53035090800
Unique,Washington,Unique,5YJSA1CN6C,King,Bellevue,98006,2012,14,Tesla,MODEL S,Battery Electric Vehicle (BEV),Clean Alternative Fuel Vehicle Eligible,265,59900,41,141093151,-122.12096,47.55584,PUGET SOUND ENERGY INC||CITY OF TACOMA - (WA),53033024902
Unique,Washington,Unique,LYVBR0DM5K,Snohomish,Everett,98208,2019,7,Volvo,XC60,Plug-in Hybrid Electric Vehicle (PHEV),Not eligible due to low battery range,17,52900,44,293274439,-122.18637,47.89252,PUGET SOUND ENERGY INC,53061052114
Unique,Washington,Unique,WP1AE2AY7L,San Juan,Eastsound,98245,2020,6,Porsche,CAYENNE,Plug-in Hybrid Electric Vehicle (PHEV),Not eligible due to low battery range,14,81100,40,133539654,-122.91109,48.69389,BONNEVILLE POWER ADMINISTRATION||ORCAS POWER & LIGHT COOP,53055960102
Unique,Washington,Unique,5YJSA1AC5D,King,Sammamish,98074,2013,13,Tesla,MODEL S,Battery Electric Vehicle (BEV),Clean Alternative Fuel Vehicle Eligible,208,69900,45,219508838,-122.02054,47.60326,PUGET SOUND ENERGY INC||CITY OF TACOMA - (WA),53033032316
Unique,Washington,Unique,YH4K14AAXC,King,Auburn,98001,2012,14,Fisker,KARMA,Plug-in Hybrid Electric Vehicle (PHEV),Clean Alternative Fuel Vehicle Eligible,33,102000,30,207495599,-122.23035,47.3074,PUGET SOUND ENERGY INC||CITY OF TACOMA - (WA),53033030404
Unique,Washington,Unique,WBA8E1C59J,Kitsap,Poulsbo,98370,2018,8,Bmw,330E,Plug-in Hybrid Electric Vehicle (PHEV),Not eligible due to low battery range,14,45600,23,219734462,-122.64681,47.73689,PUGET SOUND ENERGY INC,53035090201
Unique,Washington,Unique,WMZYU7C46J,Benton,Kennewick,99338,2018,8,Mini,COUNTRYMAN,Plug-in Hybrid Electric Vehicle (PHEV),Not eligible due to low battery range,12,36800,8,126058719,-119.3118,46.20664,BONNEVILLE POWER ADMINISTRATION||PUD NO 1 OF BENTON COUNTY,53005010815
Unique,Washington,Unique,5YJSA1S13E,King,Bellevue,98008,2014,12,Tesla,MODEL S,Battery Electric Vehicle (BEV),Clean Alternative Fuel Vehicle Eligible,208,69900,48,218783421,-122.11867,47.63131,PUGET SOUND ENERGY INC||CITY OF TACOMA - (WA),53033023403
Unique,Washington,Unique,WBA8E1C37H,Snohomish,Mountlake Terrace,98043,2017,9,Bmw,330E,Plug-in Hybrid Electric Vehicle (PHEV),Not eligible due to low battery range,14,44100,1,180581999,-122.31111,47.78803,PUGET SOUND ENERGY INC,53061051200
Unique,Washington,Unique,5YJSA1BG1D,King,Auburn,98001,2013,13,Tesla,MODEL S,Battery Electric Vehicle (BEV),Clean Alternative Fuel Vehicle Eligible,208,69900,30,249157877,-122.23035,47.3074,PUGET SOUND ENERGY INC||CITY OF TACOMA - (WA),53033030404
Unique,Washington,Unique,5YJSA1H14E,Spokane,Spokane,99224,2014,12,Tesla,MODEL S,Battery Electric Vehicle (BEV),Clean Alternative Fuel Vehicle Eligible,208,69900,6,477426477,-117.46996,47.59431,MODERN ELECTRIC WATER COMPANY,53063003800
Unique,Washington,Unique,5YJSA1DP5D,Pierce,Lake Tapps,98391,2013,13,Tesla,MODEL S,Battery Electric Vehicle (BEV),Clean Alternative Fuel Vehicle Eligible,208,69900,31,209629612,-122.17144,47.19175,PUGET SOUND ENERGY INC||CITY OF TACOMA - (WA),53053070314
Unique,Washington,Unique,LYVBR0DL0J,Mason,Grapeview,98546,2018,8,Volvo,XC60,Plug-in Hybrid Electric Vehicle (PHEV),Not eligible due to low battery range,17,52900,35,136915383,-122.82364,47.32767,BONNEVILLE POWER ADMINISTRATION||CITY OF TACOMA - (WA)||PUD NO 3 OF MASON COUNTY,53045961200
Unique,Washington,Unique,KNDJX3AE1J,King,Renton,98059,2018,8,Kia,SOUL EV,Battery Electric Vehicle (BEV),Clean Alternative Fuel Vehicle Eligible,111,33950,11,280252654,-122.15771,47.50549,PUGET SOUND ENERGY INC||CITY OF TACOMA - (WA),53033025101
Unique,Washington,Unique,KNDJX3AE4G,King,Tukwila,98168,2016,10,Kia,SOUL,Battery Electric Vehicle (BEV),Clean Alternative Fuel Vehicle Eligible,93,31950,11,558337,-122.3317,47.50314,CITY OF SEATTLE - (WA)|CITY OF TACOMA - (WA),53033027200
Unique,Washington,Unique,5YJSA1DN0D,Snohomish,Bothell,98012,2013,13,Tesla,MODEL S,Battery Electric Vehicle (BEV),Clean Alternative Fuel Vehicle Eligible,208,69900,44,207168216,-122.21061,47.83448,PUGET SOUND ENERGY INC,53061052006
Unique,Washington,Unique,JF2GTDNC5K,Snohomish,Lynnwood,98036,2019,7,Subaru,CROSSTREK,Plug-in Hybrid Electric Vehicle (PHEV),Not eligible due to low battery range,17,34995,1,176174302,-122.29245,47.82557,PUGET SOUND ENERGY INC,53061051932
Unique,Washington,Unique,WBA8E1C38H,King,Seattle,98101,2017,9,Bmw,330E,Plug-in Hybrid Electric Vehicle (PHEV),Not eligible due to low battery range,14,44100,43,216923465,-122.34223,47.61085,CITY OF SEATTLE - (WA)|CITY OF TACOMA - (WA),53033008300
Unique,Washington,Unique,5YJSA1AC3D,King,Newcastle,98059,2013,13,Tesla,MODEL S,Battery Electric Vehicle (BEV),Clean Alternative Fuel Vehicle Eligible,208,69900,41,150885493,-122.15771,47.50549,PUGET SOUND ENERGY INC||CITY OF TACOMA - (WA),53033025005
Unique,Washington,Unique,WMZYU7C50K,King,Seattle,98107,2019,7,Mini,COUNTRYMAN,Plug-in Hybrid Electric Vehicle (PHEV),Not eligible due to low battery range,12,36900,36,209249316,-122.38591,47.67597,CITY OF SEATTLE - (WA)|CITY OF TACOMA - (WA),53033004701
Unique,Washington,Unique,LYVBR0DM9K,King,Vashon,98070,2019,7,Volvo,XC60,Plug-in Hybrid Electric Vehicle (PHEV),Not eligible due to low battery range,17,52900,34,304931644,-122.4573,47.44929,PUGET SOUND ENERGY INC||CITY OF TACOMA - (WA),53033027701
Unique,Washington,Unique,WBAJA9C56J,Snohomish,Lake Stevens,98258,2018,8,Bmw,530E,Plug-in Hybrid Electric Vehicle (PHEV),Not eligible due to low battery range,16,52650,44,167153430,-122.06402,48.01497,PUGET SOUND ENERGY INC,53061052506
Unique,Washington,Unique,WP0CH2A76J,King,Mercer Island,98040,2018,8,Porsche,PANAMERA,Plug-in Hybrid Electric Vehicle (PHEV),Not eligible due to low battery range,14,184400,41,103328963,-122.21238,47.57816,PUGET SOUND ENERGY INC||CITY OF TACOMA - (WA),53033024601
Unique,Washington,Unique,WP1AE2AY1L,King,Carnation,98014,2020,6,Porsche,CAYENNE,Plug-in Hybrid Electric Vehicle (PHEV),Not eligible due to low battery range,14,81100,5,122831740,-121.91353,47.64901,PUGET SOUND ENERGY INC||CITY OF TACOMA - (WA),53033032315
Unique,Washington,Unique,5YJSA1DP2C,King,Woodinville,98072,2012,14,Tesla,MODEL S,Battery Electric Vehicle (BEV),Clean Alternative Fuel Vehicle Eligible,265,59900,45,171269024,-122.15545,47.75448,PUGET SOUND ENERGY INC||CITY OF TACOMA - (WA),53033032321
Unique,Washington,Unique,5YJSA1CN4C,Benton,Benton City,99320,2012,14,Tesla,MODEL S,Battery Electric Vehicle (BEV),Clean Alternative Fuel Vehicle Eligible,265,59900,16,152853907,-119.48756,46.26543,BONNEVILLE POWER ADMINISTRATION||PUD NO 1 OF BENTON COUNTY,53005011900
Unique,Washington,Unique,KNDJP3AE0J,Skamania,Stevenson,98648,2018,8,Kia,SOUL EV,Battery Electric Vehicle (BEV),Clean Alternative Fuel Vehicle Eligible,111,33950,14,170495055,-121.88258,45.69417,BONNEVILLE POWER ADMINISTRATION||PUD NO 1 OF SKAMANIA CO,53059950300
Unique,Washington,Unique,5YJSA1CG2D,King,Kirkland,98033,2013,13,Tesla,MODEL S,Battery Electric Vehicle (BEV),Clean Alternative Fuel Vehicle Eligible,208,69900,48,220918155,-122.2066,47.67887,PUGET SOUND ENERGY INC||CITY OF TACOMA - (WA),53033022701
Unique,Washington,Unique,LYVBR0DK3K,Pierce,Puyallup,98373,2019,7,Volvo,XC60,Plug-in Hybrid Electric Vehicle (PHEV),Not eligible due to low battery range,17,52900,25,199390089,-122.35051,47.15252,BONNEVILLE POWER ADMINISTRATION||CITY OF TACOMA - (WA)||PENINSULA LIGHT COMPANY,53053071206
Unique,Washington,Unique,5YJSA1CG1D,King,Seattle,98178,2013,13,Tesla,MODEL S,Battery Electric Vehicle (BEV),Clean Alternative Fuel Vehicle Eligible,208,69900,37,8032475,-122.23825,47.49461,CITY OF SEATTLE - (WA)|CITY OF TACOMA - (WA),53033011901
Unique,Washington,Unique,5YJRE1A38A,King,Seattle,98119,2010,16,Tesla,ROADSTER,Battery Electric Vehicle (BEV),Clean Alternative Fuel Vehicle Eligible,245,110950,36,124661547,-122.3684,47.64586,CITY OF SEATTLE - (WA)|CITY OF TACOMA - (WA),53033006900
Unique,Washington,Unique,LYVBR0DM7K,King,Seattle,98103,2019,7,Volvo,XC60,Plug-in Hybrid Electric Vehicle (PHEV),Not eligible due to low battery range,17,52900,43,128450724,-122.35436,47.67596,CITY OF SEATTLE - (WA)|CITY OF TACOMA - (WA),53033005000
Unique,Washington,Unique,LYVBR0DK7J,King,Snoqualmie,98065,2018,8,Volvo,XC60,Plug-in Hybrid Electric Vehicle (PHEV),Not eligible due to low battery range,17,52900,5,129014315,-121.82432,47.52716,PUGET SOUND ENERGY INC||CITY OF TACOMA - (WA),53033032603
Unique,Washington,Unique,LYVBR0DL7J,Snohomish,Mill Creek,98012,2018,8,Volvo,XC60,Plug-in Hybrid Electric Vehicle (PHEV),Not eligible due to low battery range,17,52900,44,235534253,-122.21061,47.83448,PUGET SOUND ENERGY INC,53061041704
Unique,Washington,Unique,YV4BR0PL3J,King,Redmond,98072,2018,8,Volvo,XC90,Plug-in Hybrid Electric Vehicle (PHEV),Not eligible due to low battery range,19,64950,45,154545121,-122.15545,47.75448,PUGET SOUND ENERGY INC||CITY OF TACOMA - (WA),53033032327
Unique,Washington,Unique,WP0AH2A73J,Clark,Vancouver,98662,2018,8,Porsche,PANAMERA,Plug-in Hybrid Electric Vehicle (PHEV),Not eligible due to low battery range,14,184400,17,183245247,-122.57722,45.64251,BONNEVILLE POWER ADMINISTRATION||PUD NO 1 OF CLARK COUNTY - (WA),53011040709
Unique,Washington,Unique,WBA8E1C57J,King,Bellevue,98007,2018,8,Bmw,330E,Plug-in Hybrid Electric Vehicle (PHEV),Not eligible due to low battery range,14,45600,48,151235122,-122.12053,47.61334,PUGET SOUND ENERGY INC||CITY OF TACOMA - (WA),53033023201
Unique,Washington,Unique,5YJRE11BX8,King,Redmond,98052,2008,18,Tesla,ROADSTER,Battery Electric Vehicle (BEV),Clean Alternative Fuel Vehicle Eligible,220,98950,48,189302445,-122.13158,47.67858,PUGET SOUND ENERGY INC||CITY OF TACOMA - (WA),53033022902
Unique,Washington,Unique,WBA7J2C32H,Spokane,Spokane,99224,2017,9,Bmw,740E,Plug-in Hybrid Electric Vehicle (PHEV),Not eligible due to low battery range,14,89100,6,101427504,-117.46996,47.59431,BONNEVILLE POWER ADMINISTRATION||AVISTA CORP||INLAND POWER & LIGHT COMPANY,53063013502
Unique,Washington,Unique,5YJSA1DP0C,Snohomish,Mukilteo,98275,2012,14,Tesla,MODEL S,Battery Electric Vehicle (BEV),Clean Alternative Fuel Vehicle Eligible,265,59900,21,159821287,-122.29196,47.89908,PUGET SOUND ENERGY INC,53061041301
Unique,Washington,Unique,WP0AH2A71J,Clark,Brush Prairie,98606,2018,8,Porsche,PANAMERA,Plug-in Hybrid Electric Vehicle (PHEV),Not eligible due to low battery range,14,184400,18,107105750,-122.54578,45.73473,BONNEVILLE POWER ADMINISTRATION||PUD NO 1 OF CLARK COUNTY - (WA),53011040603
Unique,Washington,Unique,5YJSA1DP6C,Spokane,Spokane,99224,2012,14,Tesla,MODEL S,Battery Electric Vehicle (BEV),Clean Alternative Fuel Vehicle Eligible,265,59900,6,112795084,-117.46996,47.59431,MODERN ELECTRIC WATER COMPANY,53063003800
Unique,Washington,Unique,WMZYU7C55K,King,Seattle,98122,2019,7,Mini,COUNTRYMAN,Plug-in Hybrid Electric Vehicle (PHEV),Not eligible due to low battery range,12,36900,37,341392929,-122.31009,47.60803,CITY OF SEATTLE - (WA)|CITY OF TACOMA - (WA),53033007800
Unique,Washington,Unique,WBAJB1C59J,Spokane,Spokane,99224,2018,8,Bmw,530E,Plug-in Hybrid Electric Vehicle (PHEV),Not eligible due to low battery range,14,54950,6,310693659,-117.46996,47.59431,BONNEVILLE POWER ADMINISTRATION||AVISTA CORP||INLAND POWER & LIGHT COMPANY,53063013503
Unique,Washington,Unique,2C4RC1H7XK,Pierce,Lakewood,98499,2019,7,Chrysler,PACIFICA,Plug-in Hybrid Electric Vehicle (PHEV),Clean Alternative Fuel Vehicle Eligible,32,39995,29,271823394,-122.51495,47.16195,BONNEVILLE POWER ADMINISTRATION||CITY OF TACOMA - (WA)||LAKEVIEW LIGHT & POWER|PENINSULA LIGHT COMPANY,53053071807
Unique,Washington,Unique,KNDJX3AE6J,Snohomish,Lynnwood,98036,2018,8,Kia,SOUL EV,Battery Electric Vehicle (BEV),Clean Alternative Fuel Vehicle Eligible,111,33950,21,320117430,-122.29245,47.82557,PUGET SOUND ENERGY INC,53061051922
Unique,Washington,Unique,LYVBR0DK2K,Snohomish,Edmonds,98020,2019,7,Volvo,XC60,Plug-in Hybrid Electric Vehicle (PHEV),Not eligible due to low battery range,17,52900,32,320564520,-122.37689,47.81116,PUGET SOUND ENERGY INC,53061050700
Unique,Washington,Unique,KNDJX3AE2H,King,Redmond,98052,2017,9,Kia,SOUL EV,Battery Electric Vehicle (BEV),Clean Alternative Fuel Vehicle Eligible,93,32250,48,156633172,-122.13158,47.67858,PUGET SOUND ENERGY INC||CITY OF TACOMA - (WA),53033022902
Unique,Washington,Unique,5YJSA1AGXD,King,Bellevue,98007,2013,13,Tesla,MODEL S,Battery Electric Vehicle (BEV),Clean Alternative Fuel Vehicle Eligible,208,69900,48,180305772,-122.12053,47.61334,PUGET SOUND ENERGY INC||CITY OF TACOMA - (WA),53033023603
Unique,Washington,Unique,2C4RC1L7XK,Kitsap,Poulsbo,98370,2019,7,Chrysler,PACIFICA,Plug-in Hybrid Electric Vehicle (PHEV),Clean Alternative Fuel Vehicle Eligible,32,39995,23,216818073,-122.64681,47.73689,PUGET SOUND ENERGY INC,53035090502
Unique,Washington,Unique,WBAJA9C55J,Skagit,Burlington,98233,2018,8,Bmw,530E,Plug-in Hybrid Electric Vehicle (PHEV),Not eligible due to low battery range,16,52650,40,150148729,-122.33029,48.46846,PUGET SOUND ENERGY INC,53057951800
Unique,Washington,Unique,KNDJP3AE2J,King,Bellevue,98008,2018,8,Kia,SOUL EV,Battery Electric Vehicle (BEV),Clean Alternative Fuel Vehicle Eligible,111,33950,48,192798063,-122.11867,47.63131,PUGET SOUND ENERGY INC||CITY OF TACOMA - (WA),53033023300
Unique,Washington,Unique,5YJRE11B28,Spokane,Spokane,99217,2008,18,Tesla,ROADSTER,Battery Electric Vehicle (BEV),Clean Alternative Fuel Vehicle Eligible,220,98950,4,105438511,-117.37056,47.70402,BONNEVILLE POWER ADMINISTRATION||VERA IRRIGATION DISTRICT #15,53063011302
Unique,Washington,Unique,LYVBR0DK0J,Snohomish,Edmonds,98020,2018,8,Volvo,XC60,Plug-in Hybrid Electric Vehicle (PHEV),Not eligible due to low battery range,17,52900,21,298238916,-122.37689,47.81116,PUGET SOUND ENERGY INC,53061050300
Unique,Washington,Unique,WBAJA9C50K,King,Woodinville,98072,2019,7,Bmw,530E,Plug-in Hybrid Electric Vehicle (PHEV),Not eligible due to low battery range,16,53400,45,148995605,-122.15545,47.75448,PUGET SOUND ENERGY INC||CITY OF TACOMA - (WA),53033032326
Unique,Washington,Unique,5YJSA1DN4D,Kitsap,Bainbridge Island,98110,2013,13,Tesla,MODEL S,Battery Electric Vehicle (BEV),Clean Alternative Fuel Vehicle Eligible,208,69900,23,235703639,-122.521,47.62728,PUGET SOUND ENERGY INC,53035091002
Unique,Washington,Unique,5YJSA1BG2D,Snohomish,Gold Bar,98251,2013,13,Tesla,MODEL S,Battery Electric Vehicle (BEV),Clean Alternative Fuel Vehicle Eligible,208,69900,39,215266824,-121.69743,47.85565,BONNEVILLE POWER ADMINISTRATION||PUD 1 OF SNOHOMISH COUNTY,53061053803
Unique,Washington,Unique,KNDJX3AE3J,Snohomish,Everett,98201,2018,8,Kia,SOUL EV,Battery Electric Vehicle (BEV),Clean Alternative Fuel Vehicle Eligible,111,33950,38,345334846,-122.20596,47.97659,PUGET SOUND ENERGY INC,53061040400
Unique,Washington,Unique,YV4BR0DL5J,Whatcom,Bellingham,98226,2018,8,Volvo,XC60,Plug-in Hybrid Electric Vehicle (PHEV),Not eligible due to low battery range,17,52900,40,337477087,-122.49756,48.7999,PUGET SOUND ENERGY INC||PUD NO 1 OF WHATCOM COUNTY,53073000803
Unique,Washington,Unique,WBA8E1C57H,King,Redmond,98052,2017,9,Bmw,330E,Plug-in Hybrid Electric Vehicle (PHEV),Not eligible due to low battery range,14,44100,48,348843463,-122.13158,47.67858,PUGET SOUND ENERGY INC||CITY OF TACOMA - (WA),53033022902
Unique,Washington,Unique,5YJSA1H15E,King,Sammamish,98074,2014,12,Tesla,MODEL S,Battery Electric Vehicle (BEV),Clean Alternative Fuel Vehicle Eligible,208,69900,45,124151989,-122.02054,47.60326,PUGET SOUND ENERGY INC||CITY OF TACOMA - (WA),53033032316
Unique,Washington,Unique,5YJSA1H12E,King,Redmond,98053,2014,12,Tesla,MODEL S,Battery Electric Vehicle (BEV),Clean Alternative Fuel Vehicle Eligible,208,69900,45,148232388,-122.03287,47.68555,PUGET SOUND ENERGY INC||CITY OF TACOMA - (WA),53033032315
Unique,Washington,Unique,WBAJA9C55K,King,Bellevue,98006,2019,7,Bmw,530E,Plug-in Hybrid Electric Vehicle (PHEV),Not eligible due to low battery range,16,53400,41,474956191,-122.12096,47.55584,PUGET SOUND ENERGY INC||CITY OF TACOMA - (WA),53033024902
Unique,Washington,Unique,5YJRE11B58,King,Redmond,98053,2008,18,Tesla,ROADSTER,Battery Electric Vehicle (BEV),Clean Alternative Fuel Vehicle Eligible,220,98950,5,232155668,-122.03287,47.68555,PUGET SOUND ENERGY INC||CITY OF TACOMA - (WA),53033032315
Unique,Washington,Unique,LREKK5RX0J,Pierce,University Place,98467,2018,8,Cadillac,CT6,Plug-in Hybrid Electric Vehicle (PHEV),Clean Alternative Fuel Vehicle Eligible,31,75095,28,252323578,-122.53691,47.20606,BONNEVILLE POWER ADMINISTRATION||CITY OF TACOMA - (WA)||PENINSULA LIGHT COMPANY,53053072314
Unique,Washington,Unique,5YJSA1S19E,King,Woodinville,98072,2014,12,Tesla,MODEL S,Battery Electric Vehicle (BEV),Clean Alternative Fuel Vehicle Eligible,208,69900,45,241959784,-122.15545,47.75448,PUGET SOUND ENERGY INC||CITY OF TACOMA - (WA),53033032311
Unique,Washington,Unique,5YJSA1DP5C,Snohomish,Everett,98204,2012,14,Tesla,MODEL S,Battery Electric Vehicle (BEV),Clean Alternative Fuel Vehicle Eligible,265,59900,21,134141766,-122.25527,47.90456,PUGET SOUND ENERGY INC,53061041810
Unique,Washington,Unique,5YJSA1DP6D,Whatcom,Bellingham,98225,2013,13,Tesla,MODEL S,Battery Electric Vehicle (BEV),Clean Alternative Fuel Vehicle Eligible,208,69900,40,102104586,-122.47122,48.75235,PUGET SOUND ENERGY INC||PUD NO 1 OF WHATCOM COUNTY,53073001204
Unique,Washington,Unique,5YJSA1H26E,Snohomish,Lake Stevens,98258,2014,12,Tesla,MODEL S,Battery Electric Vehicle (BEV),Clean Alternative Fuel Vehicle Eligible,208,69900,44,237823064,-122.06402,48.01497,PUGET SOUND ENERGY INC,53061052604
Unique,Washington,Unique,WBA8E1C53J,Pierce,Fife,98424,2018,8,Bmw,330E,Plug-in Hybrid Electric Vehicle (PHEV),Not eligible due to low battery range,14,45600,25,198856304,-122.35686,47.23679,BONNEVILLE POWER ADMINISTRATION||CITY OF TACOMA - (WA)||PENINSULA LIGHT COMPANY,53053940002
Unique,Washington,Unique,WBA8E1C50H,Thurston,Lacey,98516,2017,9,Bmw,330E,Plug-in Hybrid Electric Vehicle (PHEV),Not eligible due to low battery range,14,44100,22,128617506,-122.75379,47.06316,PUGET SOUND ENERGY INC,53067012221
Unique,Washington,Unique,KNDJP3AE2G,Pierce,Tacoma,98405,2016,10,Kia,SOUL,Battery Electric Vehicle (BEV),Clean Alternative Fuel Vehicle Eligible,93,31950,27,216773161,-122.48271,47.24737,BONNEVILLE POWER ADMINISTRATION||CITY OF TACOMA - (WA)||PENINSULA LIGHT COMPANY,53053061300
Unique,Washington,Unique,5YJSA1AG8D,King,Carnation,98014,2013,13,Tesla,MODEL S,Battery Electric Vehicle (BEV),Clean Alternative Fuel Vehicle Eligible,208,69900,5,202726541,-121.91353,47.64901,PUGET SOUND ENERGY INC||CITY OF TACOMA - (WA),53033032315
Unique,Washington,Unique,5YJSA1CP6C,Pierce,Sumner,98390,2012,14,Tesla,MODEL S,Battery Electric Vehicle (BEV),Clean Alternative Fuel Vehicle Eligible,265,59900,31,150133686,-122.23972,47.2022,PUGET SOUND ENERGY INC||CITY OF TACOMA - (WA),53053073302
Unique,Washington,Unique,KNDJX3AE8H,Whatcom,Point Roberts,98281,2017,9,Kia,SOUL EV,Battery Electric Vehicle (BEV),Clean Alternative Fuel Vehicle Eligible,93,32250,42,348116471,-123.05688,48.98867,PUGET SOUND ENERGY INC||PUD NO 1 OF WHATCOM COUNTY,53073011000
Unique,Washington,Unique,KNDJP3AEXH,Clark,Battle Ground,98604,2017,9,Kia,SOUL EV,Battery Electric Vehicle (BEV),Clean Alternative Fuel Vehicle Eligible,93,32250,18,148679191,-122.5331,45.78092,BONNEVILLE POWER ADMINISTRATION||PUD NO 1 OF CLARK COUNTY - (WA),53011040414
Unique,Washington,Unique,WBA8E1C54J,King,Clyde Hill,98004,2018,8,Bmw,330E,Plug-in Hybrid Electric Vehicle (PHEV),Not eligible due to low battery range,14,45600,48,182259983,-122.1872,47.61001,PUGET SOUND ENERGY INC||CITY OF TACOMA - (WA),53033024100
Unique,Washington,Unique,WP0CH2A72J,King,Seattle,98101,2018,8,Porsche,PANAMERA,Plug-in Hybrid Electric Vehicle (PHEV),Not eligible due to low battery range,14,184400,43,228886682,-122.34223,47.61085,CITY OF SEATTLE - (WA)|CITY OF TACOMA - (WA),53033008200
Unique,Washington,Unique,WBAJA9C50J,Grays Harbor,Aberdeen,98520,2018,8,Bmw,530E,Plug-in Hybrid Electric Vehicle (PHEV),Not eligible due to low battery range,16,52650,19,134966002,-123.81619,46.97606,BONNEVILLE POWER ADMINISTRATION||PUD NO 1 OF GRAYS HARBOR COUNTY,53027001000
Unique,Washington,Unique,5YJSA1S12E,Pierce,Tacoma,98465,2014,12,Tesla,MODEL S,Battery Electric Vehicle (BEV),Clean Alternative Fuel Vehicle Eligible,208,69900,28,157369194,-122.52886,47.24977,BONNEVILLE POWER ADMINISTRATION||CITY OF TACOMA - (WA)||PENINSULA LIGHT COMPANY,53053061001
Unique,Washington,Unique,WBAJB1C52J,Snohomish,Arlington,98223,2018,8,Bmw,530E,Plug-in Hybrid Electric Vehicle (PHEV),Not eligible due to low battery range,14,54950,39,193077951,-122.1264,48.19471,BONNEVILLE POWER ADMINISTRATION||PUD 1 OF SNOHOMISH COUNTY,53061053507
Unique,Washington,Unique,WBA7J2C54J,King,Kent,98031,2018,8,Bmw,740E,Plug-in Hybrid Electric Vehicle (PHEV),Not eligible due to low battery range,14,90700,47,144448188,-122.17743,47.41185,PUGET SOUND ENERGY INC||CITY OF TACOMA - (WA),53033029602
Unique,Washington,Unique,KNDJX3AE9H,King,Seatac,98188,2017,9,Kia,SOUL EV,Battery Electric Vehicle (BEV),Clean Alternative Fuel Vehicle Eligible,93,32250,33,349427970,-122.28879,47.44538,PUGET SOUND ENERGY INC||CITY OF TACOMA - (WA),53033028402
Unique,Washington,Unique,5YJSA1AG7D,Cowlitz,Kelso,98626,2013,13,Tesla,MODEL S,Battery Electric Vehicle (BEV),Clean Alternative Fuel Vehicle Eligible,208,69900,20,195367672,-122.89868,46.14425,BONNEVILLE POWER ADMINISTRATION||PUD NO 1 OF COWLITZ COUNTY,53015001700
Unique,Washington,Unique,5YJSA1CN3C,King,Seattle,98122,2012,14,Tesla,MODEL S,Battery Electric Vehicle (BEV),Clean Alternative Fuel Vehicle Eligible,265,59900,43,149067166,-122.31009,47.60803,CITY OF SEATTLE - (WA)|CITY OF TACOMA - (WA),53033007902
Unique,Washington,Unique,YV4BR0PMXJ,King,Seattle,98117,2018,8,Volvo,XC90,Plug-in Hybrid Electric Vehicle (PHEV),Not eligible due to low battery range,19,64950,36,183323409,-122.38418,47.70044,CITY OF SEATTLE - (WA)|CITY OF TACOMA - (WA),53033003201
Unique,Washington,Unique,5YJSA1DG3D,King,Renton,98056,2013,13,Tesla,MODEL S,Battery Electric Vehicle (BEV),Clean Alternative Fuel Vehicle Eligible,208,69900,41,165055803,-122.18463,47.49929,PUGET SOUND ENERGY INC||CITY OF TACOMA - (WA),53033024704
Unique,Washington,Unique,WP0AH2A76J,King,Woodinville,98072,2018,8,Porsche,PANAMERA,Plug-in Hybrid Electric Vehicle (PHEV),Not eligible due to low battery range,14,184400,45,277238377,-122.15545,47.75448,PUGET SOUND ENERGY INC||CITY OF TACOMA - (WA),53033032326
Unique,Washington,Unique,LREKK5RX6J,Pierce,Tacoma,98404,2018,8,Cadillac,CT6,Plug-in Hybrid Electric Vehicle (PHEV),Clean Alternative Fuel Vehicle Eligible,31,75095,27,303570655,-122.41249,47.21584,BONNEVILLE POWER ADMINISTRATION||CITY OF TACOMA - (WA)||PENINSULA LIGHT COMPANY,53053063302
Unique,Washington,Unique,2C4RC1H73K,Pierce,Lakewood,98499,2019,7,Chrysler,PACIFICA,Plug-in Hybrid Electric Vehicle (PHEV),Clean Alternative Fuel Vehicle Eligible,32,39995,29,110506903,-122.51495,47.16195,BONNEVILLE POWER ADMINISTRATION||CITY OF TACOMA - (WA)||LAKEVIEW LIGHT & POWER|PENINSULA LIGHT COMPANY,53053071807
Unique,Washington,Unique,WBA8E1C54H,King,Sammamish,98075,2017,9,Bmw,330E,Plug-in Hybrid Electric Vehicle (PHEV),Not eligible due to low battery range,14,44100,41,348067485,-122.03539,47.61344,PUGET SOUND ENERGY INC||CITY OF TACOMA - (WA),53033032215
Unique,Washington,Unique,5YJSA1CN2D,King,Issaquah,98027,2013,13,Tesla,MODEL S,Battery Electric Vehicle (BEV),Clean Alternative Fuel Vehicle Eligible,208,69900,41,219120604,-122.03439,47.5301,PUGET SOUND ENERGY INC||CITY OF TACOMA - (WA),53033023404
Unique,Washington,Unique,5YJSA1DG4D,King,Kent,98032,2013,13,Tesla,MODEL S,Battery Electric Vehicle (BEV),Clean Alternative Fuel Vehicle Eligible,208,69900,33,110119299,-122.23741,47.3807,PUGET SOUND ENERGY INC||CITY OF TACOMA - (WA),53033029804
Unique,Washington,Unique,KNDJX3AE4J,King,Seattle,98055,2018,8,Kia,SOUL EV,Battery Electric Vehicle (BEV),Clean Alternative Fuel Vehicle Eligible,111,33950,37,169857530,-122.21152,47.43954,PUGET SOUND ENERGY INC||CITY OF TACOMA - (WA),53033026004
Unique,Washington,Unique,KNDJP3AE1G,Kitsap,Bremerton,98311,2016,10,Kia,SOUL,Battery Electric Vehicle (BEV),Clean Alternative Fuel Vehicle Eligible,93,31950,23,311711193,-122.6462,47.63132,PUGET SOUND ENERGY INC,53035091600
Unique,Washington,Unique,2C4RC1L77K,Kitsap,Bainbridge Island,98110,2019,7,Chrysler,PACIFICA,Plug-in Hybrid Electric Vehicle (PHEV),Clean Alternative Fuel Vehicle Eligible,32,39995,23,215094316,-122.521,47.62728,PUGET SOUND ENERGY INC,53035090800
Unique,Washington,Unique,LYVBR0DK4J,King,Lake Forest Park,98155,2018,8,Volvo,XC60,Plug-in Hybrid Electric Vehicle (PHEV),Not eligible due to low battery range,17,52900,46,110275791,-122.31327,47.75736,PUGET SOUND ENERGY INC||CITY OF TACOMA - (WA),53033021400
Unique,Washington,Unique,KNDJX3AE5G,Snohomish,Mukilteo,98275,2016,10,Kia,SOUL,Battery Electric Vehicle (BEV),Clean Alternative Fuel Vehicle Eligible,93,31950,21,265087098,-122.29196,47.89908,PUGET SOUND ENERGY INC,53061041301
Unique,Washington,Unique,LREKK5RX9J,Pierce,Roy,98580,2018,8,Cadillac,CT6,Plug-in Hybrid Electric Vehicle (PHEV),Clean Alternative Fuel Vehicle Eligible,31,75095,2,122101493,-122.54332,47.00328,BONNEVILLE POWER ADMINISTRATION||CITY OF TACOMA - (WA)||PENINSULA LIGHT COMPANY,53053073005
Unique,Washington,Unique,JF2GTDNC4K,Douglas,East Wenatchee,98802,2019,7,Subaru,CROSSTREK,Plug-in Hybrid Electric Vehicle (PHEV),Not eligible due to low battery range,17,34995,12,258100902,-120.29473,47.41515,PUD NO 1 OF DOUGLAS COUNTY,53017950800
Unique,Washington,Unique,5YJRE1A18B,Klickitat,Lyle,98635,2011,15,Tesla,ROADSTER,Battery Electric Vehicle (BEV),Clean Alternative Fuel Vehicle Eligible,245,109000,14,243155510,-121.28544,45.6939,BONNEVILLE POWER ADMINISTRATION||PUD NO 1 OF KLICKITAT COUNTY,53039950200
Unique,Washington,Unique,YV4BR0PL2J,Pierce,Enumclaw,98022,2018,8,Volvo,XC90,Plug-in Hybrid Electric Vehicle (PHEV),Not eligible due to low battery range,19,64950,31,176333370,-121.99136,47.20433,PUGET SOUND ENERGY INC||CITY OF TACOMA - (WA),53053070100
Unique,Washington,Unique,WBAJB1C53J,King,Yarrow Point,98004,2018,8,Bmw,530E,Plug-in Hybrid Electric Vehicle (PHEV),Not eligible due to low battery range,14,54950,48,349031511,-122.1872,47.61001,PUGET SOUND ENERGY INC||CITY OF TACOMA - (WA),53033024100
Unique,Washington,Unique,YH4K16AA5C,Snohomish,Stanwood,98292,2012,14,Fisker,KARMA,Plug-in Hybrid Electric Vehicle (PHEV),Clean Alternative Fuel Vehicle Eligible,33,102000,10,268937364,-122.37265,48.24159,BONNEVILLE POWER ADMINISTRATION||PUD 1 OF SNOHOMISH COUNTY,53061053201
Unique,Washington,Unique,KNDJP3AE6G,Pierce,Tacoma,98407,2016,10,Kia,SOUL,Battery Electric Vehicle (BEV),Clean Alternative Fuel Vehicle Eligible,93,31950,27,160220035,-122.51766,47.27779,BONNEVILLE POWER ADMINISTRATION||CITY OF TACOMA - (WA)||PENINSULA LIGHT COMPANY,53053060903
Unique,Washington,Unique,YV4BR0DL6J,Clark,Vancouver,98682,2018,8,Volvo,XC60,Plug-in Hybrid Electric Vehicle (PHEV),Not eligible due to low battery range,17,52900,17,207309007,-122.55149,45.69345,BONNEVILLE POWER ADMINISTRATION||PUD NO 1 OF CLARK COUNTY - (WA),53011041335
Unique,Washington,Unique,WBAJB1C56K,Snohomish,Mukilteo,98275,2019,7,Bmw,530E,Plug-in Hybrid Electric Vehicle (PHEV),Not eligible due to low battery range,15,55700,21,476591804,-122.29196,47.89908,PUGET SOUND ENERGY INC,53061042005
Unique,Washington,Unique,WBA8E1C5XG,King,Kirkland,98033,2016,10,Bmw,330E,Plug-in Hybrid Electric Vehicle (PHEV),Not eligible due to low battery range,14,43700,48,133551183,-122.2066,47.67887,PUGET SOUND ENERGY INC||CITY OF TACOMA - (WA),53033022701
Unique,Washington,Unique,2C4RC1H71K,Pierce,Lakewood,98499,2019,7,Chrysler,PACIFICA,Plug-in Hybrid Electric Vehicle (PHEV),Clean Alternative Fuel Vehicle Eligible,32,39995,29,350302242,-122.51495,47.16195,BONNEVILLE POWER ADMINISTRATION||CITY OF TACOMA - (WA)||LAKEVIEW LIGHT & POWER|PENINSULA LIGHT COMPANY,53053071807
Unique,Washington,Unique,5YJSA1DN7C,King,Renton,98059,2012,14,Tesla,MODEL S,Battery Electric Vehicle (BEV),Clean Alternative Fuel Vehicle Eligible,265,59900,11,216533782,-122.15771,47.50549,PUGET SOUND ENERGY INC||CITY OF TACOMA - (WA),53033025602
Unique,Washington,Unique,5YJSA1CP6D,King,Seattle,98144,2013,13,Tesla,MODEL S,Battery Electric Vehicle (BEV),Clean Alternative Fuel Vehicle Eligible,208,69900,37,137988476,-122.30866,47.57874,CITY OF SEATTLE - (WA)|CITY OF TACOMA - (WA),53033008900
Unique,Washington,Unique,5YJSA1DNXD,Benton,Richland,99352,2013,13,Tesla,MODEL S,Battery Electric Vehicle (BEV),Clean Alternative Fuel Vehicle Eligible,208,69900,8,166240966,-119.27372,46.27391,BONNEVILLE POWER ADMINISTRATION||CITY OF RICHLAND - (WA),53005010811
Unique,Washington,Unique,YV4BR0PL1J,Chelan,Leavenworth,98826,2018,8,Volvo,XC90,Plug-in Hybrid Electric Vehicle (PHEV),Not eligible due to low battery range,19,64950,12,182500475,-120.65754,47.5982,PUD NO 1 OF CHELAN COUNTY,53007960501
Unique,Washington,Unique,WBAJB1C50J,Skagit,Mount Vernon,98273,2018,8,Bmw,530E,Plug-in Hybrid Electric Vehicle (PHEV),Not eligible due to low battery range,14,54950,39,139603817,-122.33891,48.41644,PUGET SOUND ENERGY INC,53057952304
Unique,Washington,Unique,WBAJB1C51J,King,Tukwila,98168,2018,8,Bmw,530E,Plug-in Hybrid Electric Vehicle (PHEV),Not eligible due to low battery range,14,54950,11,215122918,-122.3317,47.50314,CITY OF SEATTLE - (WA)|CITY OF TACOMA - (WA),53033027200
Unique,Washington,Unique,5YJSA1DN3D,Chelan,Peshastin,98847,2013,13,Tesla,MODEL S,Battery Electric Vehicle (BEV),Clean Alternative Fuel Vehicle Eligible,208,69900,12,187291632,-120.60364,47.56805,PUD NO 1 OF CHELAN COUNTY,53007960502
Unique,Washington,Unique,WBA8E1C50G,King,Renton,98058,2016,10,Bmw,330E,Plug-in Hybrid Electric Vehicle (PHEV),Not eligible due to low battery range,14,43700,11,3543837,-122.08747,47.4466,PUGET SOUND ENERGY INC||CITY OF TACOMA - (WA),53033031908
Unique,Washington,Unique,LYVBR0DM8K,King,Bellevue,98008,2019,7,Volvo,XC60,Plug-in Hybrid Electric Vehicle (PHEV),Not eligible due to low battery range,17,52900,48,296470338,-122.11867,47.63131,PUGET SOUND ENERGY INC||CITY OF TACOMA - (WA),53033023403
Unique,Washington,Unique,KNDJP3AE9J,King,Seattle,98109,2018,8,Kia,SOUL EV,Battery Electric Vehicle (BEV),Clean Alternative Fuel Vehicle Eligible,111,33950,36,349736250,-122.346385,47.630685,CITY OF SEATTLE - (WA)|CITY OF TACOMA - (WA),53033006000
Unique,Washington,Unique,5YJSA1DG5D,Kitsap,Bainbridge Island,98110,2013,13,Tesla,MODEL S,Battery Electric Vehicle (BEV),Clean Alternative Fuel Vehicle Eligible,208,69900,23,207410899,-122.521,47.62728,PUGET SOUND ENERGY INC,53035091001
Unique,Washington,Unique,YV4BR0PL6J,King,Seattle,98119,2018,8,Volvo,XC90,Plug-in Hybrid Electric Vehicle (PHEV),Not eligible due to low battery range,19,64950,36,112645242,-122.3684,47.64586,CITY OF SEATTLE - (WA)|CITY OF TACOMA - (WA),53033006900
Unique,Washington,Unique,5YJSA1DP8D,Snohomish,Stanwood,98292,2013,13,Tesla,MODEL S,Battery Electric Vehicle (BEV),Clean Alternative Fuel Vehicle Eligible,208,69900,10,111162012,-122.37265,48.24159,PUGET SOUND ENERGY INC,53061053202
Unique,Washington,Unique,5YJSA1CGXD,Clark,Vancouver,98682,2013,13,Tesla,MODEL S,Battery Electric Vehicle (BEV),Clean Alternative Fuel Vehicle Eligible,208,69900,18,208707887,-122.55149,45.69345,BONNEVILLE POWER ADMINISTRATION||PUD NO 1 OF CLARK COUNTY - (WA),53011040603
Unique,Washington,Unique,WP0AH2A74J,Clark,Vancouver,98662,2018,8,Porsche,PANAMERA,Plug-in Hybrid Electric Vehicle (PHEV),Not eligible due to low battery range,14,184400,17,145752232,-122.57722,45.64251,BONNEVILLE POWER ADMINISTRATION||PUD NO 1 OF CLARK COUNTY - (WA),53011040709
Unique,Washington,Unique,WMZYU7C45J,Snohomish,Mill Creek,98012,2018,8,Mini,COUNTRYMAN,Plug-in Hybrid Electric Vehicle (PHEV),Not eligible due to low battery range,12,36800,44,175652949,-122.21061,47.83448,PUGET SOUND ENERGY INC,53061052004
Unique,Washington,Unique,YV4BR0PL9J,King,Bellevue,98004,2018,8,Volvo,XC90,Plug-in Hybrid Electric Vehicle (PHEV),Not eligible due to low battery range,19,64950,48,176456948,-122.1872,47.61001,PUGET SOUND ENERGY INC||CITY OF TACOMA - (WA),53033024001
Unique,Washington,Unique,YH4K10BA4C,King,Black Diamond,98010,2012,14,Fisker,KARMA,Plug-in Hybrid Electric Vehicle (PHEV),Clean Alternative Fuel Vehicle Eligible,33,102000,5,109608642,-122.00143,47.30893,PUGET SOUND ENERGY INC||CITY OF TACOMA - (WA),53033031605
Unique,Washington,Unique,WBAJA9C5XK,Clark,Camas,98607,2019,7,Bmw,530E,Plug-in Hybrid Electric Vehicle (PHEV),Not eligible due to low battery range,16,53400,18,208329719,-122.40199,45.58694,BONNEVILLE POWER ADMINISTRATION||PUD NO 1 OF CLARK COUNTY - (WA),53011040609
Unique,Washington,Unique,2C4RC1H70K,Snohomish,Edmonds,98020,2019,7,Chrysler,PACIFICA,Plug-in Hybrid Electric Vehicle (PHEV),Clean Alternative Fuel Vehicle Eligible,32,39995,32,211631591,-122.37689,47.81116,PUGET SOUND ENERGY INC,53061050700
Unique,Washington,Unique,WBA8E1C30H,Pierce,Lakewood,98498,2017,9,Bmw,330E,Plug-in Hybrid Electric Vehicle (PHEV),Not eligible due to low battery range,14,44100,28,309335967,-122.54795,47.17997,PUGET SOUND ENERGY INC||CITY OF TACOMA - (WA),53053072107
Unique,Washington,Unique,WBAJB1C50K,Franklin,Pasco,99301,2019,7,Bmw,530E,Plug-in Hybrid Electric Vehicle (PHEV),Not eligible due to low battery range,15,55700,9,282350148,-119.09467,46.23542,BONNEVILLE POWER ADMINISTRATION||PUD NO 1 OF FRANKLIN COUNTY,53021020503
Unique,Washington,Unique,5YJSA1CG6D,Clark,Camas,98607,2013,13,Tesla,MODEL S,Battery Electric Vehicle (BEV),Clean Alternative Fuel Vehicle Eligible,208,69900,18,136688604,-122.40199,45.58694,BONNEVILLE POWER ADMINISTRATION||PUD NO 1 OF CLARK COUNTY - (WA),53011041400
Unique,Washington,Unique,5YJSA1CP9C,Snohomish,Snohomish,98290,2012,14,Tesla,MODEL S,Battery Electric Vehicle (BEV),Clean Alternative Fuel Vehicle Eligible,265,59900,44,183536825,-122.09305,47.91265,PUGET SOUND ENERGY INC,53061052401
Unique,Washington,Unique,WBAJA9C59K,King,Seattle,98106,2019,7,Bmw,530E,Plug-in Hybrid Electric Vehicle (PHEV),Not eligible due to low battery range,16,53400,34,207003002,-122.35186,47.54286,CITY OF SEATTLE - (WA)|CITY OF TACOMA - (WA),53033010701
Unique,Washington,Unique,5YJSA1DN2C,King,Bellevue,98007,2012,14,Tesla,MODEL S,Battery Electric Vehicle (BEV),Clean Alternative Fuel Vehicle Eligible,265,59900,48,115928375,-122.12053,47.61334,PUGET SOUND ENERGY INC||CITY OF TACOMA - (WA),53033022805
Unique,Washington,Unique,YV4BR0DL1J,Jefferson,Port Townsend,98368,2018,8,Volvo,XC60,Plug-in Hybrid Electric Vehicle (PHEV),Not eligible due to low battery range,17,52900,24,187422714,-122.77263,48.1212,BONNEVILLE POWER ADMINISTRATION||PUGET SOUND ENERGY INC||PUD NO 1 OF JEFFERSON COUNTY,53031950501
Unique,Washington,Unique,KNDJX3AE4H,King,Auburn,98092,2017,9,Kia,SOUL EV,Battery Electric Vehicle (BEV),Clean Alternative Fuel Vehicle Eligible,93,32250,31,347637244,-122.17663,47.32326,PUGET SOUND ENERGY INC||CITY OF TACOMA - (WA),53033031204
Unique,Washington,Unique,WBA8E1C39H,Pierce,Gig Harbor,98329,2017,9,Bmw,330E,Plug-in Hybrid Electric Vehicle (PHEV),Not eligible due to low battery range,14,44100,26,280269230,-122.72457,47.38165,BONNEVILLE POWER ADMINISTRATION||CITY OF TACOMA - (WA)||PENINSULA LIGHT COMPANY,53053072601
Unique,Washington,Unique,WBA8E1C33H,Clark,Ridgefield,98642,2017,9,Bmw,330E,Plug-in Hybrid Electric Vehicle (PHEV),Not eligible due to low battery range,14,44100,18,103306318,-122.74595,45.81539,BONNEVILLE POWER ADMINISTRATION||PUD NO 1 OF CLARK COUNTY - (WA),53011040303
Unique,Washington,Unique,JF2GTDNC9K,King,Seattle,98199,2019,7,Subaru,CROSSTREK,Plug-in Hybrid Electric Vehicle (PHEV),Not eligible due to low battery range,17,34995,36,157802816,-122.40092,47.65908,CITY OF SEATTLE - (WA)|CITY OF TACOMA - (WA),53033005801
Unique,Washington,Unique,5YJSA1CP4D,King,Seattle,98115,2013,13,Tesla,MODEL S,Battery Electric Vehicle (BEV),Clean Alternative Fuel Vehicle Eligible,208,69900,46,100569976,-122.31765,47.70013,CITY OF SEATTLE - (WA)|CITY OF TACOMA - (WA),53033002200
Unique,Washington,Unique,2C4RC1H78K,Pierce,Lakewood,98499,2019,7,Chrysler,PACIFICA,Plug-in Hybrid Electric Vehicle (PHEV),Clean Alternative Fuel Vehicle Eligible,32,39995,29,280282418,-122.51495,47.16195,BONNEVILLE POWER ADMINISTRATION||CITY OF TACOMA - (WA)||LAKEVIEW LIGHT & POWER|PENINSULA LIGHT COMPANY,53053071807
Unique,Washington,Unique,WBA8E1C53G,Kitsap,Bainbridge Island,98110,2016,10,Bmw,330E,Plug-in Hybrid Electric Vehicle (PHEV),Not eligible due to low battery range,14,43700,23,249324974,-122.521,47.62728,PUGET SOUND ENERGY INC,53035090901
Unique,Washington,Unique,YV4BR0DK6J,King,Kirkland,98033,2018,8,Volvo,XC60,Plug-in Hybrid Electric Vehicle (PHEV),Not eligible due to low battery range,17,52900,48,221584520,-122.2066,47.67887,PUGET SOUND ENERGY INC||CITY OF TACOMA - (WA),53033022502
Unique,Washington,Unique,WBAJA9C58K,King,Kirkland,98034,2019,7,Bmw,530E,Plug-in Hybrid Electric Vehicle (PHEV),Not eligible due to low battery range,16,53400,45,132417526,-122.22901,47.72201,PUGET SOUND ENERGY INC||CITY OF TACOMA - (WA),53033022205
Unique,Washington,Unique,5YJSA1S16E,King,Mercer Island,98040,2014,12,Tesla,MODEL S,Battery Electric Vehicle (BEV),Clean Alternative Fuel Vehicle Eligible,208,69900,41,262155582,-122.21238,47.57816,PUGET SOUND ENERGY INC||CITY OF TACOMA - (WA),53033024400
Unique,Washington,Unique,YV4BR0PK1J,King,Normandy Park,98166,2018,8,Volvo,XC90,Plug-in Hybrid Electric Vehicle (PHEV),Not eligible due to low battery range,19,64950,33,246215350,-122.34118,47.46665,PUGET SOUND ENERGY INC||CITY OF TACOMA - (WA),53033028600
Unique,Washington,Unique,LYVBR0DMXK,Chelan,Leavenworth,98826,2019,7,Volvo,XC60,Plug-in Hybrid Electric Vehicle (PHEV),Not eligible due to low battery range,17,52900,12,474543625,-120.65754,47.5982,PUD NO 1 OF CHELAN COUNTY,53007960501
Unique,Washington,Unique,LYVBR0DK3J,Snohomish,Lake Stevens,98258,2018,8,Volvo,XC60,Plug-in Hybrid Electric Vehicle (PHEV),Not eligible due to low battery range,17,52900,39,202014977,-122.06402,48.01497,PUGET SOUND ENERGY INC,53061053603
Unique,Washington,Unique,5YJSA1DN8C,King,Sammamish,98074,2012,14,Tesla,MODEL S,Battery Electric Vehicle (BEV),Clean Alternative Fuel Vehicle Eligible,265,59900,45,106525961,-122.02054,47.60326,PUGET SOUND ENERGY INC||CITY OF TACOMA - (WA),53033032225
Unique,Washington,Unique,5YJSA1CN8D,Snohomish,Mukilteo,98275,2013,13,Tesla,MODEL S,Battery Electric Vehicle (BEV),Clean Alternative Fuel Vehicle Eligible,208,69900,21,158250690,-122.29196,47.89908,PUGET SOUND ENERGY INC,53061042001
Unique,Washington,Unique,YH4K12AA9C,Clark,Vancouver,98683,2012,14,Fisker,KARMA,Plug-in Hybrid Electric Vehicle (PHEV),Clean Alternative Fuel Vehicle Eligible,33,102000,18,197643344,-122.49212,45.60365,BONNEVILLE POWER ADMINISTRATION||PUD NO 1 OF CLARK COUNTY - (WA),53011041325
Unique,Washington,Unique,LYVBR0DK9K,King,Mercer Island,98040,2019,7,Volvo,XC60,Plug-in Hybrid Electric Vehicle (PHEV),Not eligible due to low battery range,17,52900,41,473736532,-122.21238,47.57816,PUGET SOUND ENERGY INC||CITY OF TACOMA - (WA),53033024302
Unique,Washington,Unique,5YJSA1H29E,King,Sammamish,98075,2014,12,Tesla,MODEL S,Battery Electric Vehicle (BEV),Clean Alternative Fuel Vehicle Eligible,208,69900,41,9591921,-122.03539,47.61344,PUGET SOUND ENERGY INC||CITY OF TACOMA - (WA),53033032216
Unique,Washington,Unique,YV4BR0PM8J,King,Seattle,98112,2018,8,Volvo,XC90,Plug-in Hybrid Electric Vehicle (PHEV),Not eligible due to low battery range,19,64950,43,213142821,-122.30716,47.62687,CITY OF SEATTLE - (WA)|CITY OF TACOMA - (WA),53033006300
Unique,Washington,Unique,5YJSA1DP0D,King,Tukwila,98178,2013,13,Tesla,MODEL S,Battery Electric Vehicle (BEV),Clean Alternative Fuel Vehicle Eligible,208,69900,11,103367323,-122.23825,47.49461,CITY OF SEATTLE - (WA)|CITY OF TACOMA - (WA),53033026300
Unique,Washington,Unique,5YJSA1DP7C,King,Seattle,98121,2012,14,Tesla,MODEL S,Battery Electric Vehicle (BEV),Clean Alternative Fuel Vehicle Eligible,265,59900,36,8129439,-122.34468,47.61578,CITY OF SEATTLE - (WA)|CITY OF TACOMA - (WA),53033008003
Unique,Washington,Unique,YV4BR0DL7J,King,Kirkland,98033,2018,8,Volvo,XC60,Plug-in Hybrid Electric Vehicle (PHEV),Not eligible due to low battery range,17,52900,45,348397976,-122.2066,47.67887,PUGET SOUND ENERGY INC||CITY OF TACOMA - (WA),53033022401
Unique,Washington,Unique,5YJRE1A30A,Snohomish,Edmonds,98026,2010,16,Tesla,ROADSTER,Battery Electric Vehicle (BEV),Clean Alternative Fuel Vehicle Eligible,245,110950,21,173150673,-122.31768,47.87166,PUGET SOUND ENERGY INC,53061042005
Unique,Washington,Unique,WBAJA9C51J,King,Bellevue,98005,2018,8,Bmw,530E,Plug-in Hybrid Electric Vehicle (PHEV),Not eligible due to low battery range,16,52650,41,156613362,-122.1621,47.64441,PUGET SOUND ENERGY INC||CITY OF TACOMA - (WA),53033023603
Unique,Washington,Unique,LYVBR0DL4J,Pierce,Gig Harbor,98332,2018,8,Volvo,XC60,Plug-in Hybrid Electric Vehicle (PHEV),Not eligible due to low battery range,17,52900,26,280012099,-122.60302,47.36223,BONNEVILLE POWER ADMINISTRATION||CITY OF TACOMA - (WA)||PENINSULA LIGHT COMPANY,53053072507
Unique,Washington,Unique,2C4RC1L72K,King,Redmond,98052,2019,7,Chrysler,PACIFICA,Plug-in Hybrid Electric Vehicle (PHEV),Clean Alternative Fuel Vehicle Eligible,32,39995,45,347620948,-122.13158,47.67858,PUGET SOUND ENERGY INC||CITY OF TACOMA - (WA),53033032323
Unique,Washington,Unique,YH4K14AA0C,Kitsap,Bainbridge Island,98110,2012,14,Fisker,KARMA,Plug-in Hybrid Electric Vehicle (PHEV),Clean Alternative Fuel Vehicle Eligible,33,102000,23,196625971,-122.521,47.62728,PUGET SOUND ENERGY INC,53035091002
Unique,Washington,Unique,KNDJX3AEXH,King,Auburn,98001,2017,9,Kia,SOUL EV,Battery Electric Vehicle (BEV),Clean Alternative Fuel Vehicle Eligible,93,32250,47,282890303,-122.23035,47.3074,PUGET SOUND ENERGY INC||CITY OF TACOMA - (WA),53033029806
Unique,Washington,Unique,2C4RC1N76K,Benton,Richland,99352,2019,7,Chrysler,PACIFICA,Plug-in Hybrid Electric Vehicle (PHEV),Clean Alternative Fuel Vehicle Eligible,32,39995,8,100665162,-119.27372,46.27391,BONNEVILLE POWER ADMINISTRATION||CITY OF RICHLAND - (WA),53005010810
Unique,Washington,Unique,KNDJP3AE3H,King,Seattle,98125,2017,9,Kia,SOUL EV,Battery Electric Vehicle (BEV),Clean Alternative Fuel Vehicle Eligible,93,32250,46,107389551,-122.3026,47.72656,CITY OF SEATTLE - (WA)|CITY OF TACOMA - (WA),53033001100
Unique,Washington,Unique,WMZYU7C59K,King,Seattle,98115,2019,7,Mini,COUNTRYMAN,Plug-in Hybrid Electric Vehicle (PHEV),Not eligible due to low battery range,12,36900,46,142120534,-122.31765,47.70013,CITY OF SEATTLE - (WA)|CITY OF TACOMA - (WA),53033003800
Unique,Washington,Unique,KNDJX3AE3G,Pierce,Fife,98424,2016,10,Kia,SOUL,Battery Electric Vehicle (BEV),Clean Alternative Fuel Vehicle Eligible,93,31950,25,254686799,-122.35686,47.23679,BONNEVILLE POWER ADMINISTRATION||CITY OF TACOMA - (WA)||PENINSULA LIGHT COMPANY,53053940002
Unique,Washington,Unique,5YJSA1DN5C,Snohomish,Lynnwood,98037,2012,14,Tesla,MODEL S,Battery Electric Vehicle (BEV),Clean Alternative Fuel Vehicle Eligible,265,59900,32,136165669,-122.27734,47.83785,PUGET SOUND ENERGY INC,53061051602
Unique,Washington,Unique,WBA8E1C57G,Thurston,Olympia,98506,2016,10,Bmw,330E,Plug-in Hybrid Electric Vehicle (PHEV),Not eligible due to low battery range,14,43700,22,134509434,-122.87741,47.05997,PUGET SOUND ENERGY INC,53067012211
Unique,Washington,Unique,5YJRE1A16B,Island,Camano Island,98282,2011,15,Tesla,ROADSTER,Battery Electric Vehicle (BEV),Clean Alternative Fuel Vehicle Eligible,245,109000,10,124819334,-122.40049,48.23986,BONNEVILLE POWER ADMINISTRATION||PUD 1 OF SNOHOMISH COUNTY,53029971700
Unique,Washington,Unique,WP1AE2AY2L,King,Seattle,98115,2020,6,Porsche,CAYENNE,Plug-in Hybrid Electric Vehicle (PHEV),Not eligible due to low battery range,14,81100,46,142102880,-122.31765,47.70013,CITY OF SEATTLE - (WA)|CITY OF TACOMA - (WA),53033002700
Unique,Washington,Unique,KNDJX3AEXG,King,Seattle,98107,2016,10,Kia,SOUL,Battery Electric Vehicle (BEV),Clean Alternative Fuel Vehicle Eligible,93,31950,43,282814815,-122.38591,47.67597,CITY OF SEATTLE - (WA)|CITY OF TACOMA - (WA),53033004800
Unique,Washington,Unique,5YJSA1S17E,King,Redmond,98053,2014,12,Tesla,MODEL S,Battery Electric Vehicle (BEV),Clean Alternative Fuel Vehicle Eligible,208,69900,45,5237522,-122.03287,47.68555,PUGET SOUND ENERGY INC||CITY OF TACOMA - (WA),53033032332
Unique,Washington,Unique,WP1AE2AY8L,Thurston,Olympia,98501,2020,6,Porsche,CAYENNE,Plug-in Hybrid Electric Vehicle (PHEV),Not eligible due to low battery range,14,81100,22,120607126,-122.89166,47.03956,PUGET SOUND ENERGY INC,53067010400
Unique,Washington,Unique,5YJSA1H27E,King,Redmond,98052,2014,12,Tesla,MODEL S,Battery Electric Vehicle (BEV),Clean Alternative Fuel Vehicle Eligible,208,69900,48,265797500,-122.13158,47.67858,PUGET SOUND ENERGY INC||CITY OF TACOMA - (WA),53033032325
Unique,Washington,Unique,KNDJX3AE0J,San Juan,Eastsound,98245,2018,8,Kia,SOUL EV,Battery Electric Vehicle (BEV),Clean Alternative Fuel Vehicle Eligible,111,33950,40,259551015,-122.91109,48.69389,BONNEVILLE POWER ADMINISTRATION||ORCAS POWER & LIGHT COOP,53055960103
Unique,Washington,Unique,KNDJP3AE6H,Mason,Shelton,98584,2017,9,Kia,SOUL EV,Battery Electric Vehicle (BEV),Clean Alternative Fuel Vehicle Eligible,93,32250,35,349040863,-123.10565,47.21248,BONNEVILLE POWER ADMINISTRATION||CITY OF TACOMA - (WA)||PUD NO 3 OF MASON COUNTY,53045961102
Unique,Washington,Unique,YV4BR0DM5J,King,Seattle,98126,2018,8,Volvo,XC60,Plug-in Hybrid Electric Vehicle (PHEV),Not eligible due to low battery range,17,52900,34,156550425,-121.97745,47.53433,CITY OF SEATTLE - (WA)|CITY OF TACOMA - (WA),53033009900
Unique,Washington,Unique,KNDJX3AE5H,King,Renton,98059,2017,9,Kia,SOUL EV,Battery Electric Vehicle (BEV),Clean Alternative Fuel Vehicle Eligible,93,32250,11,143374948,-122.15771,47.50549,PUGET SOUND ENERGY INC||CITY OF TACOMA - (WA),53033025103
Unique,Washington,Unique,5YJSA1DG1D,King,Bellevue,98004,2013,13,Tesla,MODEL S,Battery Electric Vehicle (BEV),Clean Alternative Fuel Vehicle Eligible,208,69900,41,182153303,-122.1872,47.61001,PUGET SOUND ENERGY INC||CITY OF TACOMA - (WA),53033023801
Unique,Washington,Unique,5YJSA1S11E,King,Woodinville,98072,2014,12,Tesla,MODEL S,Battery Electric Vehicle (BEV),Clean Alternative Fuel Vehicle Eligible,208,69900,45,177534269,-122.15545,47.75448,PUGET SOUND ENERGY INC||CITY OF TACOMA - (WA),53033032321
Unique,Washington,Unique,5YJRE11B48,King,Seattle,98134,2008,18,Tesla,ROADSTER,Battery Electric Vehicle (BEV),Clean Alternative Fuel Vehicle Eligible,220,98950,11,143609049,-122.32738,47.58616,CITY OF SEATTLE - (WA)|CITY OF TACOMA - (WA),53033009300
Unique,Washington,Unique,WMZYU7C47J,King,Kirkland,98033,2018,8,Mini,COUNTRYMAN,Plug-in Hybrid Electric Vehicle (PHEV),Not eligible due to low battery range,12,36800,48,254435079,-122.2066,47.67887,PUGET SOUND ENERGY INC||CITY OF TACOMA - (WA),53033022702
Unique,Washington,Unique,5YJSA1H28E,King,Seattle,98122,2014,12,Tesla,MODEL S,Battery Electric Vehicle (BEV),Clean Alternative Fuel Vehicle Eligible,208,69900,37,153962868,-122.31009,47.60803,CITY OF SEATTLE - (WA)|CITY OF TACOMA - (WA),53033007800
Unique,Washington,Unique,2C4RC1L75K,Snohomish,Snohomish,98290,2019,7,Chrysler,PACIFICA,Plug-in Hybrid Electric Vehicle (PHEV),Clean Alternative Fuel Vehicle Eligible,32,39995,39,477248348,-122.09305,47.91265,PUGET SOUND ENERGY INC,53061052105
Unique,Washington,Unique,WMZYU7C5XK,King,Seattle,98144,2019,7,Mini,COUNTRYMAN,Plug-in Hybrid Electric Vehicle (PHEV),Not eligible due to low battery range,12,36900,37,115332003,-122.30866,47.57874,CITY OF SEATTLE - (WA)|CITY OF TACOMA - (WA),53033008900
Unique,Washington,Unique,2C4RC1N78K,Benton,West Richland,99353,2019,7,Chrysler,PACIFICA,Plug-in Hybrid Electric Vehicle (PHEV),Clean Alternative Fuel Vehicle Eligible,32,39995,8,120425532,-119.33788,46.2969,BONNEVILLE POWER ADMINISTRATION||PUD NO 1 OF BENTON COUNTY,53005010705
Unique,Washington,Unique,5YJSA1DN9C,King,Seattle,98103,2012,14,Tesla,MODEL S,Battery Electric Vehicle (BEV),Clean Alternative Fuel Vehicle Eligible,265,59900,46,203499334,-122.35436,47.67596,CITY OF SEATTLE - (WA)|CITY OF TACOMA - (WA),53033002700
Unique,Washington,Unique,5YJSA1DP1D,King,Woodinville,98072,2013,13,Tesla,MODEL S,Battery Electric Vehicle (BEV),Clean Alternative Fuel Vehicle Eligible,208,69900,45,170380731,-122.15545,47.75448,PUGET SOUND ENERGY INC||CITY OF TACOMA - (WA),53033032319
Unique,Washington,Unique,YV4BR0DL0J,San Juan,Eastsound,98245,2018,8,Volvo,XC60,Plug-in Hybrid Electric Vehicle (PHEV),Not eligible due to low battery range,17,52900,40,241036617,-122.91109,48.69389,BONNEVILLE POWER ADMINISTRATION||ORCAS POWER & LIGHT COOP,53055960101
Unique,Washington,Unique,YV4BR0PK3J,Kitsap,Bainbridge Island,98110,2018,8,Volvo,XC90,Plug-in Hybrid Electric Vehicle (PHEV),Not eligible due to low battery range,19,64950,23,349641498,-122.521,47.62728,,53035090902
Unique,Washington,Unique,2C4RC1N72K,Clark,Vancouver,98686,2019,7,Chrysler,PACIFICA,Plug-in Hybrid Electric Vehicle (PHEV),Clean Alternative Fuel Vehicle Eligible,32,39995,17,103485238,-122.62731,45.71668,BONNEVILLE POWER ADMINISTRATION||PUD NO 1 OF CLARK COUNTY - (WA),53011040812
Unique,Washington,Unique,5YJSA1AC2D,King,Seattle,98117,2013,13,Tesla,MODEL S,Battery Electric Vehicle (BEV),Clean Alternative Fuel Vehicle Eligible,208,69900,36,144945552,-122.38418,47.70044,CITY OF SEATTLE - (WA)|CITY OF TACOMA - (WA),53033001702
Unique,Washington,Unique,JF2GTDNC6K,Clark,Vancouver,98662,2019,7,Subaru,CROSSTREK,Plug-in Hybrid Electric Vehicle (PHEV),Not eligible due to low battery range,17,34995,49,193406608,-122.57722,45.64251,BONNEVILLE POWER ADMINISTRATION||PUD NO 1 OF CLARK COUNTY - (WA),53011041107
Unique,Washington,Unique,5YJRE1A10A,King,Seattle,98102,2010,16,Tesla,ROADSTER,Battery Electric Vehicle (BEV),Clean Alternative Fuel Vehicle Eligible,245,110950,43,112555467,-122.32427,47.63433,CITY OF SEATTLE - (WA)|CITY OF TACOMA - (WA),53033006500
Unique,Washington,Unique,YV4BR0PL0J,Snohomish,Snohomish,98296,2018,8,Volvo,XC90,Plug-in Hybrid Electric Vehicle (PHEV),Not eligible due to low battery range,19,64950,1,183206208,-122.1389,47.87115,PUGET SOUND ENERGY INC,53061052113
Unique,Washington,Unique,5YJSA1CP5D,King,Kent,98031,2013,13,Tesla,MODEL S,Battery Electric Vehicle (BEV),Clean Alternative Fuel Vehicle Eligible,208,69900,47,195391710,-122.17743,47.41185,PUGET SOUND ENERGY INC||CITY OF TACOMA - (WA),53033029403
Unique,Washington,Unique,JF2GTDNCXK,King,Seattle,98126,2019,7,Subaru,CROSSTREK,Plug-in Hybrid Electric Vehicle (PHEV),Not eligible due to low battery range,17,34995,34,476741401,-121.97745,47.53433,CITY OF SEATTLE - (WA)|CITY OF TACOMA - (WA),53033011500
Unique,Washington,Unique,5YJSA1CN7D,Pierce,Fox Island,98333,2013,13,Tesla,MODEL S,Battery Electric Vehicle (BEV),Clean Alternative Fuel Vehicle Eligible,208,69900,26,177088733,-122.65107,47.27375,BONNEVILLE POWER ADMINISTRATION||CITY OF TACOMA - (WA)||PENINSULA LIGHT COMPANY,53053072410
Unique,Washington,Unique,LYVBR0DL9J,King,Kirkland,98033,2018,8,Volvo,XC60,Plug-in Hybrid Electric Vehicle (PHEV),Not eligible due to low battery range,17,52900,48,348892981,-122.2066,47.67887,PUGET SOUND ENERGY INC||CITY OF TACOMA - (WA),53033022606
Unique,Washington,Unique,KNDJX3AE9J,King,Kenmore,98028,2018,8,Kia,SOUL EV,Battery Electric Vehicle (BEV),Clean Alternative Fuel Vehicle Eligible,111,33950,46,283553000,-122.24369,47.75892,PUGET SOUND ENERGY INC||CITY OF TACOMA - (WA),53033021600
Unique,Washington,Unique,WMZYU7C41J,Kitsap,Poulsbo,98370,2018,8,Mini,COUNTRYMAN,Plug-in Hybrid Electric Vehicle (PHEV),Not eligible due to low battery range,12,36800,23,110855916,-122.64681,47.73689,PUGET SOUND ENERGY INC,53035091100
Unique,Washington,Unique,5YJSA1ACXD,Pierce,Tacoma,98409,2013,13,Tesla,MODEL S,Battery Electric Vehicle (BEV),Clean Alternative Fuel Vehicle Eligible,208,69900,29,198513395,-122.47554,47.21835,BONNEVILLE POWER ADMINISTRATION||CITY OF TACOMA - (WA)||PENINSULA LIGHT COMPANY,53053062902
Unique,Washington,Unique,LYVBR0DM5J,King,Kirkland,98033,2018,8,Volvo,XC60,Plug-in Hybrid Electric Vehicle (PHEV),Not eligible due to low battery range,17,52900,45,476000556,-122.2066,47.67887,PUGET SOUND ENERGY INC||CITY OF TACOMA - (WA),53033022006
Unique,Washington,Unique,WBAJB1C53K,King,Yarrow Point,98004,2019,7,Bmw,530E,Plug-in Hybrid Electric Vehicle (PHEV),Not eligible due to low battery range,15,55700,48,320375184,-122.1872,47.61001,PUGET SOUND ENERGY INC||CITY OF TACOMA - (WA),53033024100
Unique,Washington,Unique,LREKK5RX8J,Pierce,Puyallup,98371,2018,8,Cadillac,CT6,Plug-in Hybrid Electric Vehicle (PHEV),Clean Alternative Fuel Vehicle Eligible,31,75095,25,128459754,-122.29537,47.19044,PUGET SOUND ENERGY INC||CITY OF TACOMA - (WA),53053073408
Unique,Washington,Unique,JF2GTDNC8K,Benton,Richland,99352,2019,7,Subaru,CROSSTREK,Plug-in Hybrid Electric Vehicle (PHEV),Not eligible due to low battery range,17,34995,8,477210429,-119.27372,46.27391,BONNEVILLE POWER ADMINISTRATION||CITY OF RICHLAND - (WA),53005010817
Unique,Washington,Unique,KNDJX3AE6G,Snohomish,Stanwood,98292,2016,10,Kia,SOUL,Battery Electric Vehicle (BEV),Clean Alternative Fuel Vehicle Eligible,93,31950,10,199757512,-122.37265,48.24159,PUGET SOUND ENERGY INC,53061053202
Unique,Washington,Unique,5YJSA1CP3D,Kitsap,Poulsbo,98370,2013,13,Tesla,MODEL S,Battery Electric Vehicle (BEV),Clean Alternative Fuel Vehicle Eligible,208,69900,23,148623730,-122.64681,47.73689,PUGET SOUND ENERGY INC,53035090202
Unique,Washington,Unique,5YJSA1DNXC,King,Federal Way,98003,2012,14,Tesla,MODEL S,Battery Electric Vehicle (BEV),Clean Alternative Fuel Vehicle Eligible,265,59900,30,132366902,-122.3303,47.30151,PUGET SOUND ENERGY INC||CITY OF TACOMA - (WA),53033030313
Unique,Washington,Unique,WBA8E1C56G,Pierce,Tacoma,98445,2016,10,Bmw,330E,Plug-in Hybrid Electric Vehicle (PHEV),Not eligible due to low battery range,14,43700,25,106967479,-122.41894,47.15806,BONNEVILLE POWER ADMINISTRATION||CITY OF TACOMA - (WA)||PARKLAND LIGHT & WATER COMPANY|PENINSULA LIGHT COMPANY,53053071306
Unique,Washington,Unique,KNDJX3AE2J,Okanogan,Pateros,98846,2018,8,Kia,SOUL EV,Battery Electric Vehicle (BEV),Clean Alternative Fuel Vehicle Eligible,111,33950,12,118680285,-119.89975,48.05502,PUD NO 1 OF OKANOGAN COUNTY,53047971000
Unique,Washington,Unique,2C4RC1L73K,King,Kent,98031,2019,7,Chrysler,PACIFICA,Plug-in Hybrid Electric Vehicle (PHEV),Clean Alternative Fuel Vehicle Eligible,32,39995,47,190080033,-122.17743,47.41185,PUGET SOUND ENERGY INC||CITY OF TACOMA - (WA),53033029403
Unique,Washington,Unique,5YJSA1BG9D,King,Bellevue,98006,2013,13,Tesla,MODEL S,Battery Electric Vehicle (BEV),Clean Alternative Fuel Vehicle Eligible,208,69900,41,179491238,-122.12096,47.55584,PUGET SOUND ENERGY INC||CITY OF TACOMA - (WA),53033025007
Unique,Washington,Unique,5YJRE1A32A,King,Bellevue,98006,2010,16,Tesla,ROADSTER,Battery Electric Vehicle (BEV),Clean Alternative Fuel Vehicle Eligible,245,110950,41,155709683,-122.12096,47.55584,PUGET SOUND ENERGY INC||CITY OF TACOMA - (WA),53033025006
Unique,Washington,Unique,WBA7J2C52K,King,Issaquah,98027,2019,7,Bmw,740E,Plug-in Hybrid Electric Vehicle (PHEV),Not eligible due to low battery range,14,91250,5,202928722,-122.03439,47.5301,PUGET SOUND ENERGY INC||CITY OF TACOMA - (WA),53033032102
Unique,Washington,Unique,5YJSA1DP3C,King,Kirkland,98033,2012,14,Tesla,MODEL S,Battery Electric Vehicle (BEV),Clean Alternative Fuel Vehicle Eligible,265,59900,45,211900867,-122.2066,47.67887,PUGET SOUND ENERGY INC||CITY OF TACOMA - (WA),53033022402
Unique,Washington,Unique,KNDJP3AEXJ,Clark,Camas,98607,2018,8,Kia,SOUL EV,Battery Electric Vehicle (BEV),Clean Alternative Fuel Vehicle Eligible,111,33950,18,195904600,-122.40199,45.58694,BONNEVILLE POWER ADMINISTRATION||PUD NO 1 OF CLARK COUNTY - (WA),53011040609
Unique,Washington,Unique,5YJSA1CG4D,King,Mercer Island,98040,2013,13,Tesla,MODEL S,Battery Electric Vehicle (BEV),Clean Alternative Fuel Vehicle Eligible,208,69900,41,164422156,-122.21238,47.57816,PUGET SOUND ENERGY INC||CITY OF TACOMA - (WA),53033024601
Unique,Washington,Unique,WBAJB1C51K,King,Seattle,98115,2019,7,Bmw,530E,Plug-in Hybrid Electric Vehicle (PHEV),Not eligible due to low battery range,15,55700,46,115238126,-122.31765,47.70013,CITY OF SEATTLE - (WA)|CITY OF TACOMA - (WA),53033002400
Unique,Washington,Unique,YH4K14AA9C,San Juan,Friday Harbor,98250,2012,14,Fisker,KARMA,Plug-in Hybrid Electric Vehicle (PHEV),Clean Alternative Fuel Vehicle Eligible,33,102000,40,172546195,-123.01648,48.53448,BONNEVILLE POWER ADMINISTRATION||ORCAS POWER & LIGHT COOP,53055960302
Unique,Washington,Unique,2C4RC1N74K,Clark,Camas,98607,2019,7,Chrysler,PACIFICA,Plug-in Hybrid Electric Vehicle (PHEV),Clean Alternative Fuel Vehicle Eligible,32,39995,18,219201776,-122.40199,45.58694,BONNEVILLE POWER ADMINISTRATION||PUD NO 1 OF CLARK COUNTY - (WA),53011041325
Unique,Washington,Unique,5YJSA1H25E,Skagit,Sedro-Woolley,98284,2014,12,Tesla,MODEL S,Battery Electric Vehicle (BEV),Clean Alternative Fuel Vehicle Eligible,208,69900,40,143555660,-122.23857,48.50858,PUGET SOUND ENERGY INC,53057950802
Unique,Washington,Unique,LYVBR0DL5J,King,Woodinville,98072,2018,8,Volvo,XC60,Plug-in Hybrid Electric Vehicle (PHEV),Not eligible due to low battery range,17,52900,45,201186597,-122.15545,47.75448,PUGET SOUND ENERGY INC||CITY OF TACOMA - (WA),53033021906
Unique,Washington,Unique,5YJSA1H20E,Clark,Vancouver,98661,2014,12,Tesla,MODEL S,Battery Electric Vehicle (BEV),Clean Alternative Fuel Vehicle Eligible,208,69900,49,3703171,-122.62934,45.63201,BONNEVILLE POWER ADMINISTRATION||PUD NO 1 OF CLARK COUNTY - (WA),53011041112
Unique,Washington,Unique,JF2GTDNC0K,King,Seattle,98107,2019,7,Subaru,CROSSTREK,Plug-in Hybrid Electric Vehicle (PHEV),Not eligible due to low battery range,17,34995,36,179118236,-122.38591,47.67597,CITY OF SEATTLE - (WA)|CITY OF TACOMA - (WA),53033003201
Unique,Washington,Unique,LYVBR0DM6K,Pierce,Gig Harbor,98332,2019,7,Volvo,XC60,Plug-in Hybrid Electric Vehicle (PHEV),Not eligible due to low battery range,17,52900,26,477612096,-122.60302,47.36223,BONNEVILLE POWER ADMINISTRATION||CITY OF TACOMA - (WA)||PENINSULA LIGHT COMPANY,53053072506
Unique,Washington,Unique,YV4BR0PK0J,King,Kirkland,98033,2018,8,Volvo,XC90,Plug-in Hybrid Electric Vehicle (PHEV),Not eligible due to low battery range,19,64950,48,221600536,-122.2066,47.67887,PUGET SOUND ENERGY INC||CITY OF TACOMA - (WA),53033022501
Unique,Washington,Unique,YV4BR0PM4J,King,Mercer Island,98040,2018,8,Volvo,XC90,Plug-in Hybrid Electric Vehicle (PHEV),Not eligible due to low battery range,19,64950,41,172855630,-122.21238,47.57816,PUGET SOUND ENERGY INC||CITY OF TACOMA - (WA),53033024602
Unique,Washington,Unique,YV4BR0PKXJ,Kitsap,Kingston,98346,2018,8,Volvo,XC90,Plug-in Hybrid Electric Vehicle (PHEV),Not eligible due to low battery range,19,64950,23,316199201,-122.49771,47.79803,PUGET SOUND ENERGY INC,53035090202
Unique,Washington,Unique,5YJSA1AG6D,Snohomish,Lynnwood,98087,2013,13,Tesla,MODEL S,Battery Electric Vehicle (BEV),Clean Alternative Fuel Vehicle Eligible,208,69900,21,199462896,-122.27981,47.85727,PUGET SOUND ENERGY INC,53061041703
Unique,Washington,Unique,5YJRE1A14B,King,Kirkland,98033,2011,15,Tesla,ROADSTER,Battery Electric Vehicle (BEV),Clean Alternative Fuel Vehicle Eligible,245,109000,45,192740243,-122.2066,47.67887,PUGET SOUND ENERGY INC||CITY OF TACOMA - (WA),53033022402
Unique,Washington,Unique,WBA7J2C50K,Spokane,Spokane Valley,99206,2019,7,Bmw,740E,Plug-in Hybrid Electric Vehicle (PHEV),Not eligible due to low battery range,14,91250,4,221406776,-117.2718,47.65388,BONNEVILLE POWER ADMINISTRATION||VERA IRRIGATION DISTRICT #15,53063012401
Unique,Washington,Unique,5YJSA1CPXD,King,Shoreline,98177,2013,13,Tesla,MODEL S,Battery Electric Vehicle (BEV),Clean Alternative Fuel Vehicle Eligible,208,69900,32,133289481,-122.36498,47.72238,CITY OF SEATTLE - (WA)|CITY OF TACOMA - (WA),53033020100
Unique,Washington,Unique,WBAJA9C58J,King,Sammamish,98074,2018,8,Bmw,530E,Plug-in Hybrid Electric Vehicle (PHEV),Not eligible due to low battery range,16,52650,45,171004844,-122.02054,47.60326,PUGET SOUND ENERGY INC||CITY OF TACOMA - (WA),53033032317
Unique,Washington,Unique,KNDJP3AE9H,King,Sammamish,98074,2017,9,Kia,SOUL EV,Battery Electric Vehicle (BEV),Clean Alternative Fuel Vehicle Eligible,93,32250,45,348893821,-122.02054,47.60326,PUGET SOUND ENERGY INC||CITY OF TACOMA - (WA),53033032317
Unique,Washington,Unique,LYVBR0DM4K,King,Maple Valley,98038,2019,7,Volvo,XC60,Plug-in Hybrid Electric Vehicle (PHEV),Not eligible due to low battery range,17,52900,5,476646054,-122.04526,47.39394,PUGET SOUND ENERGY INC||CITY OF TACOMA - (WA),53033032011
Unique,Washington,Unique,5YJSA1CP8C,King,Bellevue,98006,2012,14,Tesla,MODEL S,Battery Electric Vehicle (BEV),Clean Alternative Fuel Vehicle Eligible,265,59900,41,202468045,-122.12096,47.55584,PUGET SOUND ENERGY INC||CITY OF TACOMA - (WA),53033025008
Unique,Washington,Unique,2C4RC1H72K,King,Seattle,98104,2019,7,Chrysler,PACIFICA,Plug-in Hybrid Electric Vehicle (PHEV),Clean Alternative Fuel Vehicle Eligible,32,39995,43,477015514,-122.32945,47.60357,CITY OF SEATTLE - (WA)|CITY OF TACOMA - (WA),53033008500
Unique,Washington,Unique,5YJSA1CN5D,King,Seattle,98122,2013,13,Tesla,MODEL S,Battery Electric Vehicle (BEV),Clean Alternative Fuel Vehicle Eligible,208,69900,43,175323837,-122.31009,47.60803,CITY OF SEATTLE - (WA)|CITY OF TACOMA - (WA),53033008402
Unique,Washington,Unique,LYVBR0DL5K,King,Vashon,98070,2019,7,Volvo,XC60,Plug-in Hybrid Electric Vehicle (PHEV),Not eligible due to low battery range,17,52900,34,297208544,-122.4573,47.44929,PUGET SOUND ENERGY INC||CITY OF TACOMA - (WA),53033027702
Unique,Washington,Unique,5YJSA1S18E,San Juan,Friday Harbor,98250,2014,12,Tesla,MODEL S,Battery Electric Vehicle (BEV),Clean Alternative Fuel Vehicle Eligible,208,69900,40,217313799,-123.01648,48.53448,BONNEVILLE POWER ADMINISTRATION||ORCAS POWER & LIGHT COOP,53055960400
Unique,Washington,Unique,WBAJB1C58J,Lincoln,Davenport,99122,2018,8,Bmw,530E,Plug-in Hybrid Electric Vehicle (PHEV),Not eligible due to low battery range,14,54950,13,144329776,-118.14913,47.65405,BONNEVILLE POWER ADMINISTRATION||AVISTA CORP||INLAND POWER & LIGHT COMPANY,53043960200
Unique,Washington,Unique,KNDJP3AE1H,King,Seattle,98115,2017,9,Kia,SOUL EV,Battery Electric Vehicle (BEV),Clean Alternative Fuel Vehicle Eligible,93,32250,46,243708685,-122.31765,47.70013,CITY OF SEATTLE - (WA)|CITY OF TACOMA - (WA),53033001900
Unique,Washington,Unique,LYVBR0DK4K,King,Seattle,98107,2019,7,Volvo,XC60,Plug-in Hybrid Electric Vehicle (PHEV),Not eligible due to low battery range,17,52900,43,196483430,-122.38591,47.67597,CITY OF SEATTLE - (WA)|CITY OF TACOMA - (WA),53033004800
Unique,Washington,Unique,YV4BR0DM1J,Snohomish,Edmonds,98020,2018,8,Volvo,XC60,Plug-in Hybrid Electric Vehicle (PHEV),Not eligible due to low battery range,17,52900,32,102106658,-122.37689,47.81116,PUGET SOUND ENERGY INC,53061050700
Unique,Washington,Unique,5YJSA1CG7D,King,Seattle,98122,2013,13,Tesla,MODEL S,Battery Electric Vehicle (BEV),Clean Alternative Fuel Vehicle Eligible,208,69900,43,115971271,-122.31009,47.60803,CITY OF SEATTLE - (WA)|CITY OF TACOMA - (WA),53033008600
Unique,Washington,Unique,5YJSA1AC4D,Whatcom,Blaine,98230,2013,13,Tesla,MODEL S,Battery Electric Vehicle (BEV),Clean Alternative Fuel Vehicle Eligible,208,69900,42,200599234,-122.74888,48.99404,PUGET SOUND ENERGY INC||PUD NO 1 OF WHATCOM COUNTY,53073010410
Unique,Washington,Unique,YV4BR0DM2J,Clark,Vancouver,98664,2018,8,Volvo,XC60,Plug-in Hybrid Electric Vehicle (PHEV),Not eligible due to low battery range,17,52900,49,169502154,-122.59219,45.62158,BONNEVILLE POWER ADMINISTRATION||PUD NO 1 OF CLARK COUNTY - (WA),53011043100
Unique,Washington,Unique,WBA7J2C53J,King,Medina,98039,2018,8,Bmw,740E,Plug-in Hybrid Electric Vehicle (PHEV),Not eligible due to low battery range,14,90700,48,185028441,-122.23892,47.61613,PUGET SOUND ENERGY INC||CITY OF TACOMA - (WA),53033024200
Unique,Washington,Unique,WBA7J2C36H,Clark,Vancouver,98682,2017,9,Bmw,740E,Plug-in Hybrid Electric Vehicle (PHEV),Not eligible due to low battery range,14,89100,17,151671005,-122.55149,45.69345,BONNEVILLE POWER ADMINISTRATION||PUD NO 1 OF CLARK COUNTY - (WA),53011040713
Unique,Washington,Unique,5YJSA1DN5D,King,Seattle,98122,2013,13,Tesla,MODEL S,Battery Electric Vehicle (BEV),Clean Alternative Fuel Vehicle Eligible,208,69900,43,180329614,-122.31009,47.60803,CITY OF SEATTLE - (WA)|CITY OF TACOMA - (WA),53033007502
Unique,Washington,Unique,LYVBR0DM0K,King,Kent,98042,2019,7,Volvo,XC60,Plug-in Hybrid Electric Vehicle (PHEV),Not eligible due to low battery range,17,52900,47,3409514,-122.09124,47.33778,PUGET SOUND ENERGY INC||CITY OF TACOMA - (WA),53033031601
Unique,Washington,Unique,WBA8E1C35H,King,Seattle,98101,2017,9,Bmw,330E,Plug-in Hybrid Electric Vehicle (PHEV),Not eligible due to low battery range,14,44100,43,145901010,-122.34223,47.61085,CITY OF SEATTLE - (WA)|CITY OF TACOMA - (WA),53033008101
Unique,Washington,Unique,5YJSA1H18E,Cowlitz,Kelso,98626,2014,12,Tesla,MODEL S,Battery Electric Vehicle (BEV),Clean Alternative Fuel Vehicle Eligible,208,69900,19,220529536,-122.89868,46.14425,BONNEVILLE POWER ADMINISTRATION||PUD NO 1 OF COWLITZ COUNTY,53015001300
Unique,Washington,Unique,LYVBR0DL3K,King,Bellevue,98006,2019,7,Volvo,XC60,Plug-in Hybrid Electric Vehicle (PHEV),Not eligible due to low battery range,17,52900,41,226015730,-122.12096,47.55584,PUGET SOUND ENERGY INC||CITY OF TACOMA - (WA),53033025007
Unique,Washington,Unique,LYVBR0DLXJ,Yakima,Yakima,98903,2018,8,Volvo,XC60,Plug-in Hybrid Electric Vehicle (PHEV),Not eligible due to low battery range,17,52900,15,474326744,-120.47794,46.55282,PACIFICORP,53077001100
Unique,Washington,Unique,WBA7J2C55K,King,Seattle,98117,2019,7,Bmw,740E,Plug-in Hybrid Electric Vehicle (PHEV),Not eligible due to low battery range,14,91250,36,475825276,-122.38418,47.70044,CITY OF SEATTLE - (WA)|CITY OF TACOMA - (WA),53033003100
Unique,Washington,Unique,LREKK5RX2H,King,Woodinville,98072,2017,9,Cadillac,CT6,Plug-in Hybrid Electric Vehicle (PHEV),Clean Alternative Fuel Vehicle Eligible,31,75095,45,313525943,-122.15545,47.75448,PUGET SOUND ENERGY INC||CITY OF TACOMA - (WA),53033032326
Unique,Washington,Unique,5YJSA1AG4D,King,Medina,98039,2013,13,Tesla,MODEL S,Battery Electric Vehicle (BEV),Clean Alternative Fuel Vehicle Eligible,208,69900,48,202397513,-122.23892,47.61613,PUGET SOUND ENERGY INC||CITY OF TACOMA - (WA),53033024200
Unique,Washington,Unique,WBA7J2C56H,Snohomish,Everett,98208,2017,9,Bmw,740E,Plug-in Hybrid Electric Vehicle (PHEV),Not eligible due to low battery range,14,89100,44,172509382,-122.18637,47.89252,PUGET SOUND ENERGY INC,53061052120
Unique,Washington,Unique,KNDJP3AE4G,Pierce,Tacoma,98445,2016,10,Kia,SOUL,Battery Electric Vehicle (BEV),Clean Alternative Fuel Vehicle Eligible,93,31950,25,5579794,-122.41894,47.15806,BONNEVILLE POWER ADMINISTRATION||CITY OF TACOMA - (WA)||PARKLAND LIGHT & WATER COMPANY|PENINSULA LIGHT COMPANY,53053071604
Unique,Washington,Unique,5YJSA1H13E,King,Sammamish,98074,2014,12,Tesla,MODEL S,Battery Electric Vehicle (BEV),Clean Alternative Fuel Vehicle Eligible,208,69900,45,260953178,-122.02054,47.60326,PUGET SOUND ENERGY INC||CITY OF TACOMA - (WA),53033032318
Unique,Washington,Unique,5YJRE1A39A,Clark,Brush Prairie,98606,2010,16,Tesla,ROADSTER,Battery Electric Vehicle (BEV),Clean Alternative Fuel Vehicle Eligible,245,110950,17,267463178,-122.54578,45.73473,BONNEVILLE POWER ADMINISTRATION||PUD NO 1 OF CLARK COUNTY - (WA),53011040713
Unique,Washington,Unique,LREKK5RX4H,Thurston,Olympia,98506,2017,9,Cadillac,CT6,Plug-in Hybrid Electric Vehicle (PHEV),Clean Alternative Fuel Vehicle Eligible,31,75095,22,476812696,-122.87741,47.05997,PUGET SOUND ENERGY INC,53067012224
Unique,Washington,Unique,WP0CA2A13F,King,Hunts Point,98004,2015,11,Porsche,918,Plug-in Hybrid Electric Vehicle (PHEV),Not eligible due to low battery range,12,845000,48,100479039,-122.1872,47.61001,PUGET SOUND ENERGY INC||CITY OF TACOMA - (WA),53033024100
Unique,Washington,Unique,WBAJB1C57J,Spokane,Spokane,99203,2018,8,Bmw,530E,Plug-in Hybrid Electric Vehicle (PHEV),Not eligible due to low battery range,14,54950,6,473978977,-117.39322,47.63374,MODERN ELECTRIC WATER COMPANY,53063004300
Unique,Washington,Unique,5YJSA1CG9D,King,Maple Valley,98038,2013,13,Tesla,MODEL S,Battery Electric Vehicle (BEV),Clean Alternative Fuel Vehicle Eligible,208,69900,5,106800809,-122.04526,47.39394,PUGET SOUND ENERGY INC||CITY OF TACOMA - (WA),53033032002
Unique,Washington,Unique,KNDJX3AE0H,Benton,West Richland,99353,2017,9,Kia,SOUL EV,Battery Electric Vehicle (BEV),Clean Alternative Fuel Vehicle Eligible,93,32250,8,349063312,-119.33788,46.2969,BONNEVILLE POWER ADMINISTRATION||PUD NO 1 OF BENTON COUNTY,53005010807
Unique,Washington,Unique,YV4BR0PM6J,King,Auburn,98002,2018,8,Volvo,XC90,Plug-in Hybrid Electric Vehicle (PHEV),Not eligible due to low battery range,19,64950,47,348984492,-122.21698,47.28317,PUGET SOUND ENERGY INC||CITY OF TACOMA - (WA),53033030501
Unique,Washington,Unique,KNDJP3AE8J,King,Des Moines,98198,2018,8,Kia,SOUL EV,Battery Electric Vehicle (BEV),Clean Alternative Fuel Vehicle Eligible,111,33950,33,340039143,-122.29592,47.40139,PUGET SOUND ENERGY INC||CITY OF TACOMA - (WA),53033029001
Unique,Washington,Unique,WBAJB1C54K,King,Bellevue,98008,2019,7,Bmw,530E,Plug-in Hybrid Electric Vehicle (PHEV),Not eligible due to low battery range,15,55700,48,2508075,-122.11867,47.63131,PUGET SOUND ENERGY INC||CITY OF TACOMA - (WA),53033023300
Unique,Washington,Unique,KNDJP3AE7H,King,Kent,98031,2017,9,Kia,SOUL EV,Battery Electric Vehicle (BEV),Clean Alternative Fuel Vehicle Eligible,93,32250,47,331859958,-122.17743,47.41185,PUGET SOUND ENERGY INC||CITY OF TACOMA - (WA),53033029406
Unique,Washington,Unique,5YJSA1H23E,King,Seattle,98118,2014,12,Tesla,MODEL S,Battery Electric Vehicle (BEV),Clean Alternative Fuel Vehicle Eligible,208,69900,37,177048406,-122.2668,47.55115,CITY OF SEATTLE - (WA)|CITY OF TACOMA - (WA),53033010102
Unique,Washington,Unique,WBA7J2C35H,Clark,Ridgefield,98642,2017,9,Bmw,740E,Plug-in Hybrid Electric Vehicle (PHEV),Not eligible due to low battery range,14,89100,17,103593283,-122.74595,45.81539,BONNEVILLE POWER ADMINISTRATION||PUD NO 1 OF CLARK COUNTY - (WA),53011040412
Unique,Washington,Unique,5YJSA1AC0D,King,Newcastle,98059,2013,13,Tesla,MODEL S,Battery Electric Vehicle (BEV),Clean Alternative Fuel Vehicle Eligible,208,69900,41,244891062,-122.15771,47.50549,PUGET SOUND ENERGY INC||CITY OF TACOMA - (WA),53033025005
Unique,Washington,Unique,5YJSA1DN9D,Franklin,Pasco,99301,2013,13,Tesla,MODEL S,Battery Electric Vehicle (BEV),Clean Alternative Fuel Vehicle Eligible,208,69900,9,160613848,-119.09467,46.23542,BONNEVILLE POWER ADMINISTRATION||PUD NO 1 OF FRANKLIN COUNTY,53021020607
Unique,Washington,Unique,WMZYU7C49J,Clark,Vancouver,98682,2018,8,Mini,COUNTRYMAN,Plug-in Hybrid Electric Vehicle (PHEV),Not eligible due to low battery range,12,36800,17,152707740,-122.55149,45.69345,BONNEVILLE POWER ADMINISTRATION||PUD NO 1 OF CLARK COUNTY - (WA),53011041335
Unique,Washington,Unique,5YJSA1CN9C,King,Seattle,98119,2012,14,Tesla,MODEL S,Battery Electric Vehicle (BEV),Clean Alternative Fuel Vehicle Eligible,265,59900,36,348403933,-122.3684,47.64586,CITY OF SEATTLE - (WA)|CITY OF TACOMA - (WA),53033007001
Unique,Washington,Unique,LREKK5RX1J,King,Mercer Island,98040,2018,8,Cadillac,CT6,Plug-in Hybrid Electric Vehicle (PHEV),Clean Alternative Fuel Vehicle Eligible,31,75095,41,117300333,-122.21238,47.57816,PUGET SOUND ENERGY INC||CITY OF TACOMA - (WA),53033024500
Unique,Washington,Unique,LYVBR0DMXJ,King,Seattle,98116,2018,8,Volvo,XC60,Plug-in Hybrid Electric Vehicle (PHEV),Not eligible due to low battery range,17,52900,34,216613134,-122.41067,47.57894,CITY OF SEATTLE - (WA)|CITY OF TACOMA - (WA),53033009701
Unique,Washington,Unique,LYVBR0DL8J,King,Seattle,98103,2018,8,Volvo,XC60,Plug-in Hybrid Electric Vehicle (PHEV),Not eligible due to low battery range,17,52900,43,212123964,-122.35436,47.67596,CITY OF SEATTLE - (WA)|CITY OF TACOMA - (WA),53033005000
Unique,Washington,Unique,5YJSA1CN2C,Cowlitz,Woodland,98674,2012,14,Tesla,MODEL S,Battery Electric Vehicle (BEV),Clean Alternative Fuel Vehicle Eligible,265,59900,20,335390716,-122.74017,45.9094,BONNEVILLE POWER ADMINISTRATION||PUD NO 1 OF COWLITZ COUNTY,53015001501
Unique,Washington,Unique,WP1AE2AY9L,King,Seattle,98105,2020,6,Porsche,CAYENNE,Plug-in Hybrid Electric Vehicle (PHEV),Not eligible due to low battery range,14,81100,46,122032669,-122.31307,47.66127,CITY OF SEATTLE - (WA)|CITY OF TACOMA - (WA),53033004101
Unique,Washington,Unique,WP0AH2A70J,Skagit,Anacortes,98221,2018,8,Porsche,PANAMERA,Plug-in Hybrid Electric Vehicle (PHEV),Not eligible due to low battery range,14,184400,40,214906548,-122.61214,48.51748,PUGET SOUND ENERGY INC,53057940201
Unique,Washington,Unique,5YJSA1CN0D,Yakima,Sunnyside,98944,2013,13,Tesla,MODEL S,Battery Electric Vehicle (BEV),Clean Alternative Fuel Vehicle Eligible,208,69900,15,128659436,-120.00949,46.32379,BONNEVILLE POWER ADMINISTRATION||PACIFICORP||BENTON RURAL ELECTRIC ASSN,53077002006
Unique,Washington,Unique,KNDJX3AE2G,Whatcom,Bellingham,98226,2016,10,Kia,SOUL,Battery Electric Vehicle (BEV),Clean Alternative Fuel Vehicle Eligible,93,31950,42,250898805,-122.49756,48.7999,PUGET SOUND ENERGY INC||PUD NO 1 OF WHATCOM COUNTY,53073000803
Unique,Washington,Unique,2C4RC1N79K,King,Kirkland,98033,2019,7,Chrysler,PACIFICA,Plug-in Hybrid Electric Vehicle (PHEV),Clean Alternative Fuel Vehicle Eligible,32,39995,48,291923187,-122.2066,47.67887,PUGET SOUND ENERGY INC||CITY OF TACOMA - (WA),53033022701
Unique,Washington,Unique,JF2GTDNC7K,King,Seattle,98107,2019,7,Subaru,CROSSTREK,Plug-in Hybrid Electric Vehicle (PHEV),Not eligible due to low battery range,17,34995,43,207849876,-122.38591,47.67597,CITY OF SEATTLE - (WA)|CITY OF TACOMA - (WA),53033003400
Unique,Washington,Unique,YV4BR0DM8J,King,Seattle,98177,2018,8,Volvo,XC60,Plug-in Hybrid Electric Vehicle (PHEV),Not eligible due to low battery range,17,52900,32,348250731,-122.36498,47.72238,CITY OF SEATTLE - (WA)|CITY OF TACOMA - (WA),53033000500
Unique,Washington,Unique,WBA8E1C53H,King,Bothell,98011,2017,9,Bmw,330E,Plug-in Hybrid Electric Vehicle (PHEV),Not eligible due to low battery range,14,44100,1,177758332,-122.20563,47.76144,PUGET SOUND ENERGY INC||CITY OF TACOMA - (WA),53033021804
Unique,Washington,Unique,5YJSA1CP0D,Klickitat,White Salmon,98672,2013,13,Tesla,MODEL S,Battery Electric Vehicle (BEV),Clean Alternative Fuel Vehicle Eligible,208,69900,14,5086070,-121.48704,45.72776,BONNEVILLE POWER ADMINISTRATION||PUD NO 1 OF KLICKITAT COUNTY,53039950301
Unique,Washington,Unique,2C4RC1N7XK,Whatcom,Bellingham,98225,2019,7,Chrysler,PACIFICA,Plug-in Hybrid Electric Vehicle (PHEV),Clean Alternative Fuel Vehicle Eligible,32,39995,42,235462041,-122.47122,48.75235,PUGET SOUND ENERGY INC||PUD NO 1 OF WHATCOM COUNTY,53073000402
Unique,Washington,Unique,WMZYU7C44J,King,Seattle,98119,2018,8,Mini,COUNTRYMAN,Plug-in Hybrid Electric Vehicle (PHEV),Not eligible due to low battery range,12,36800,36,478189722,-122.3684,47.64586,CITY OF SEATTLE - (WA)|CITY OF TACOMA - (WA),53033005902
Unique,Washington,Unique,5YJSA1CP9D,Clark,Vancouver,98683,2013,13,Tesla,MODEL S,Battery Electric Vehicle (BEV),Clean Alternative Fuel Vehicle Eligible,208,69900,17,193870848,-122.49212,45.60365,BONNEVILLE POWER ADMINISTRATION||PUD NO 1 OF CLARK COUNTY - (WA),53011041323
Unique,Washington,Unique,WBAJB1C56J,King,Seattle,98115,2018,8,Bmw,530E,Plug-in Hybrid Electric Vehicle (PHEV),Not eligible due to low battery range,14,54950,43,205930084,-122.31765,47.70013,CITY OF SEATTLE - (WA)|CITY OF TACOMA - (WA),53033002500
Unique,Washington,Unique,YV4BR0DM9J,Clark,Camas,98607,2018,8,Volvo,XC60,Plug-in Hybrid Electric Vehicle (PHEV),Not eligible due to low battery range,17,52900,14,192219114,-122.40199,45.58694,BONNEVILLE POWER ADMINISTRATION||PUD NO 1 OF CLARK COUNTY - (WA),53011040511
Unique,Washington,Unique,5YJSA1CN0C,Skagit,Mount Vernon,98273,2012,14,Tesla,MODEL S,Battery Electric Vehicle (BEV),Clean Alternative Fuel Vehicle Eligible,265,59900,40,255786121,-122.33891,48.41644,PUGET SOUND ENERGY INC,53057952304
Unique,Washington,Unique,KNDJX3AE9G,King,Seattle,98125,2016,10,Kia,SOUL,Battery Electric Vehicle (BEV),Clean Alternative Fuel Vehicle Eligible,93,31950,46,6091053,-122.3026,47.72656,CITY OF SEATTLE - (WA)|CITY OF TACOMA - (WA),53033000700
Unique,Washington,Unique,5YJSA1H24E,King,Maple Valley,98027,2014,12,Tesla,MODEL S,Battery Electric Vehicle (BEV),Clean Alternative Fuel Vehicle Eligible,208,69900,5,475477733,-122.03439,47.5301,PUGET SOUND ENERGY INC||CITY OF TACOMA - (WA),53033032003
Unique,Washington,Unique,5YJRE1A1XA,Spokane,Newman Lake,99025,2010,16,Tesla,ROADSTER,Battery Electric Vehicle (BEV),Clean Alternative Fuel Vehicle Eligible,245,110950,4,169216421,-117.06882,47.7251,BONNEVILLE POWER ADMINISTRATION||AVISTA CORP||INLAND POWER & LIGHT COMPANY,53063010102
Unique,Washington,Unique,WBAJB1C55K,King,Bellevue,98006,2019,7,Bmw,530E,Plug-in Hybrid Electric Vehicle (PHEV),Not eligible due to low battery range,15,55700,41,320402344,-122.12096,47.55584,PUGET SOUND ENERGY INC||CITY OF TACOMA - (WA),53033024905
Unique,Washington,Unique,WBA7J2C59J,King,Kirkland,98034,2018,8,Bmw,740E,Plug-in Hybrid Electric Vehicle (PHEV),Not eligible due to low battery range,14,90700,1,336106347,-122.22901,47.72201,PUGET SOUND ENERGY INC||CITY OF TACOMA - (WA),53033022203
Unique,Washington,Unique,2C4RC1N75K,King,Kent,98031,2019,7,Chrysler,PACIFICA,Plug-in Hybrid Electric Vehicle (PHEV),Clean Alternative Fuel Vehicle Eligible,32,39995,33,310721295,-122.17743,47.41185,PUGET SOUND ENERGY INC||CITY OF TACOMA - (WA),53033029702
Unique,Washington,Unique,KNDJX3AE3H,King,Renton,98057,2017,9,Kia,SOUL EV,Battery Electric Vehicle (BEV),Clean Alternative Fuel Vehicle Eligible,93,32250,37,349491180,114.32466,4.17756,PUGET SOUND ENERGY INC||CITY OF TACOMA - (WA),53033025302
Unique,Washington,Unique,JF2GTDNC3K,Spokane,Spokane,99201,2019,7,Subaru,CROSSTREK,Plug-in Hybrid Electric Vehicle (PHEV),Not eligible due to low battery range,17,34995,3,299632077,-117.41162,47.65726,MODERN ELECTRIC WATER COMPANY,53063002300
Unique,Washington,Unique,5YJSA1DP2D,King,Redmond,98052,2013,13,Tesla,MODEL S,Battery Electric Vehicle (BEV),Clean Alternative Fuel Vehicle Eligible,208,69900,48,196543896,-122.13158,47.67858,PUGET SOUND ENERGY INC||CITY OF TACOMA - (WA),53033022802
Unique,Washington,Unique,YV4BR0DL3J,Kitsap,Seabeck,98380,2018,8,Volvo,XC60,Plug-in Hybrid Electric Vehicle (PHEV),Not eligible due to low battery range,17,52900,35,243938173,-122.81585,47.64509,PUGET SOUND ENERGY INC,53035091301
Unique,Washington,Unique,WBAJA9C53J,Skagit,Anacortes,98221,2018,8,Bmw,530E,Plug-in Hybrid Electric Vehicle (PHEV),Not eligible due to low battery range,16,52650,40,180717547,-122.61214,48.51748,PUGET SOUND ENERGY INC,53057940401
Unique,Washington,Unique,5YJSA1AG5D,King,Renton,98055,2013,13,Tesla,MODEL S,Battery Electric Vehicle (BEV),Clean Alternative Fuel Vehicle Eligible,208,69900,11,207436750,-122.21152,47.43954,PUGET SOUND ENERGY INC||CITY OF TACOMA - (WA),53033025806
Unique,Washington,Unique,WBAJA9C57J,King,Kent,98031,2018,8,Bmw,530E,Plug-in Hybrid Electric Vehicle (PHEV),Not eligible due to low battery range,16,52650,47,216549665,-122.17743,47.41185,PUGET SOUND ENERGY INC||CITY OF TACOMA - (WA),53033029307
Unique,Washington,Unique,5YJRE1A11B,King,Sammamish,98074,2011,15,Tesla,ROADSTER,Battery Electric Vehicle (BEV),Clean Alternative Fuel Vehicle Eligible,245,109000,45,134061938,-122.02054,47.60326,PUGET SOUND ENERGY INC||CITY OF TACOMA - (WA),53033032316
Unique,Washington,Unique,5YJRE1A17A,Clark,Brush Prairie,98606,2010,16,Tesla,ROADSTER,Battery Electric Vehicle (BEV),Clean Alternative Fuel Vehicle Eligible,245,110950,18,108014497,-122.54578,45.73473,BONNEVILLE POWER ADMINISTRATION||PUD NO 1 OF CLARK COUNTY - (WA),53011040505
Unique,Washington,Unique,KNDJP3AE4J,Clark,Vancouver,98683,2018,8,Kia,SOUL EV,Battery Electric Vehicle (BEV),Clean Alternative Fuel Vehicle Eligible,111,33950,18,138308397,-122.49212,45.60365,BONNEVILLE POWER ADMINISTRATION||PUD NO 1 OF CLARK COUNTY - (WA),53011041325
Unique,Washington,Unique,KNDJP3AEXG,Snohomish,Everett,98208,2016,10,Kia,SOUL,Battery Electric Vehicle (BEV),Clean Alternative Fuel Vehicle Eligible,93,31950,44,237820453,-122.18637,47.89252,PUGET SOUND ENERGY INC,53061041609
Unique,Washington,Unique,5YJSA1DP3D,King,Snoqualmie,98065,2013,13,Tesla,MODEL S,Battery Electric Vehicle (BEV),Clean Alternative Fuel Vehicle Eligible,208,69900,5,186196202,-121.82432,47.52716,CITY OF TACOMA - (WA)||TANNER ELECTRIC COOP,53033032703
Unique,Washington,Unique,5YJSA1H16E,Kitsap,Bremerton,98312,2014,12,Tesla,MODEL S,Battery Electric Vehicle (BEV),Clean Alternative Fuel Vehicle Eligible,208,69900,35,211038320,-122.66122,47.56573,PUGET SOUND ENERGY INC,53035080900
Unique,Washington,Unique,5YJSA1DP4D,King,Mercer Island,98040,2013,13,Tesla,MODEL S,Battery Electric Vehicle (BEV),Clean Alternative Fuel Vehicle Eligible,208,69900,41,141321477,-122.21238,47.57816,PUGET SOUND ENERGY INC||CITY OF TACOMA - (WA),53033024302
Unique,Washington,Unique,YV4BR0PL8J,King,Seattle,98133,2018,8,Volvo,XC90,Plug-in Hybrid Electric Vehicle (PHEV),Not eligible due to low battery range,19,64950,46,161723264,-122.3503,47.71868,CITY OF SEATTLE - (WA)|CITY OF TACOMA - (WA),53033000601
Unique,Washington,Unique,5YJSA1AG3D,King,Woodinville,98072,2013,13,Tesla,MODEL S,Battery Electric Vehicle (BEV),Clean Alternative Fuel Vehicle Eligible,208,69900,45,141388677,-122.15545,47.75448,PUGET SOUND ENERGY INC||CITY OF TACOMA - (WA),53033032320
Unique,Washington,Unique,5YJSA1CP1C,King,Bellevue,98007,2012,14,Tesla,MODEL S,Battery Electric Vehicle (BEV),Clean Alternative Fuel Vehicle Eligible,265,59900,48,6174472,-122.12053,47.61334,PUGET SOUND ENERGY INC||CITY OF TACOMA - (WA),53033023300
Unique,Washington,Unique,2C4RC1N71K,Whatcom,Bellingham,98226,2019,7,Chrysler,PACIFICA,Plug-in Hybrid Electric Vehicle (PHEV),Clean Alternative Fuel Vehicle Eligible,32,39995,40,350060910,-122.49756,48.7999,PUGET SOUND ENERGY INC||PUD NO 1 OF WHATCOM COUNTY,53073000804
Unique,Washington,Unique,KNDJP3AE7J,Clark,Vancouver,98660,2018,8,Kia,SOUL EV,Battery Electric Vehicle (BEV),Clean Alternative Fuel Vehicle Eligible,111,33950,49,167424498,-122.67156,45.63248,BONNEVILLE POWER ADMINISTRATION||PUD NO 1 OF CLARK COUNTY - (WA),53011042100
Unique,Washington,Unique,KNDJP3AE3J,Thurston,Olympia,98503,2018,8,Kia,SOUL EV,Battery Electric Vehicle (BEV),Clean Alternative Fuel Vehicle Eligible,111,33950,2,135658435,-122.82324,47.04437,PUGET SOUND ENERGY INC,53067011628
Unique,Washington,Unique,5YJRE11B38,San Juan,Friday Harbor,98250,2008,18,Tesla,ROADSTER,Battery Electric Vehicle (BEV),Clean Alternative Fuel Vehicle Eligible,220,98950,40,132987529,-123.01648,48.53448,BONNEVILLE POWER ADMINISTRATION||ORCAS POWER & LIGHT COOP,53055960302
Unique,Washington,Unique,LYVBR0DL6J,King,Sammamish,98029,2018,8,Volvo,XC60,Plug-in Hybrid Electric Vehicle (PHEV),Not eligible due to low battery range,17,52900,5,280771011,-122.00292,47.54748,PUGET SOUND ENERGY INC||CITY OF TACOMA - (WA),53033032222
Unique,Washington,Unique,LYVBR0DL7K,Jefferson,Quilcene,98376,2019,7,Volvo,XC60,Plug-in Hybrid Electric Vehicle (PHEV),Not eligible due to low battery range,17,52900,24,253185761,-122.8775,47.82642,BONNEVILLE POWER ADMINISTRATION||PUGET SOUND ENERGY INC||PUD NO 1 OF JEFFERSON COUNTY,53031950202
Unique,Washington,Unique,WBA8E1C55H,King,Seattle,98119,2017,9,Bmw,330E,Plug-in Hybrid Electric Vehicle (PHEV),Not eligible due to low battery range,14,44100,36,350356492,-122.3684,47.64586,CITY OF SEATTLE - (WA)|CITY OF TACOMA - (WA),53033006800
Unique,Washington,Unique,YV4BR0PM2J,Snohomish,Monroe,98272,2018,8,Volvo,XC90,Plug-in Hybrid Electric Vehicle (PHEV),Not eligible due to low battery range,19,64950,39,142127569,-121.98087,47.8526,BONNEVILLE POWER ADMINISTRATION||PUD 1 OF SNOHOMISH COUNTY,53061052207
Unique,Washington,Unique,5YJSA1CG3D,King,Kirkland,98033,2013,13,Tesla,MODEL S,Battery Electric Vehicle (BEV),Clean Alternative Fuel Vehicle Eligible,208,69900,48,140758824,-122.2066,47.67887,PUGET SOUND ENERGY INC||CITY OF TACOMA - (WA),53033022702
Unique,Washington,Unique,KNDJP3AE9G,Stevens,Springdale,99173,2016,10,Kia,SOUL,Battery Electric Vehicle (BEV),Clean Alternative Fuel Vehicle Eligible,93,31950,7,181903725,-117.74137,48.05738,,53065951301
Unique,Washington,Unique,WBAJB1C52K,Skagit,Bow,98232,2019,7,Bmw,530E,Plug-in Hybrid Electric Vehicle (PHEV),Not eligible due to low battery range,15,55700,10,146983882,-122.397,48.56045,PUGET SOUND ENERGY INC,53057950801
Unique,Washington,Unique,WBA7J2C5XH,Clark,Vancouver,98663,2017,9,Bmw,740E,Plug-in Hybrid Electric Vehicle (PHEV),Not eligible due to low battery range,14,89100,49,142211604,-122.64695,45.65675,BONNEVILLE POWER ADMINISTRATION||PUD NO 1 OF CLARK COUNTY - (WA),53011041003
Unique,Washington,Unique,WMZYU7C56K,Pierce,Lake Tapps,98391,2019,7,Mini,COUNTRYMAN,Plug-in Hybrid Electric Vehicle (PHEV),Not eligible due to low battery range,12,36900,31,275232457,-122.17144,47.19175,PUGET SOUND ENERGY INC||CITY OF TACOMA - (WA),53053070314
Unique,Washington,Unique,5YJRE11B78,Whatcom,Ferndale,98248,2008,18,Tesla,ROADSTER,Battery Electric Vehicle (BEV),Clean Alternative Fuel Vehicle Eligible,220,98950,42,164727923,-122.59351,48.84756,PUGET SOUND ENERGY INC||PUD NO 1 OF WHATCOM COUNTY,53073010600
Unique,Washington,Unique,KNDJP3AE0G,Snohomish,Lake Stevens,98258,2016,10,Kia,SOUL,Battery Electric Vehicle (BEV),Clean Alternative Fuel Vehicle Eligible,93,31950,44,478102103,-122.06402,48.01497,PUGET SOUND ENERGY INC,53061052506
Unique,Washington,Unique,WBAJA9C52J,King,Seattle,98102,2018,8,Bmw,530E,Plug-in Hybrid Electric Vehicle (PHEV),Not eligible due to low battery range,16,52650,43,153733842,-122.32427,47.63433,CITY OF SEATTLE - (WA)|CITY OF TACOMA - (WA),53033006100
Unique,Washington,Unique,WBA8E1C56H,King,Sammamish,98053,2017,9,Bmw,330E,Plug-in Hybrid Electric Vehicle (PHEV),Not eligible due to low battery range,14,44100,45,476482660,-122.03287,47.68555,PUGET SOUND ENERGY INC||CITY OF TACOMA - (WA),53033032215
Unique,Washington,Unique,KNDJP3AE7G,King,Auburn,98001,2016,10,Kia,SOUL,Battery Electric Vehicle (BEV),Clean Alternative Fuel Vehicle Eligible,93,31950,30,205631457,-122.23035,47.3074,PUGET SOUND ENERGY INC||CITY OF TACOMA - (WA),53033029901
Unique,Washington,Unique,WBA7J2C51J,King,Bellevue,98004,2018,8,Bmw,740E,Plug-in Hybrid Electric Vehicle (PHEV),Not eligible due to low battery range,14,90700,48,474348269,-122.1872,47.61001,PUGET SOUND ENERGY INC||CITY OF TACOMA - (WA),53033024001
Unique,Washington,Unique,5YJRE1A12A,King,Issaquah,98027,2010,16,Tesla,ROADSTER,Battery Electric Vehicle (BEV),Clean Alternative Fuel Vehicle Eligible,245,110950,5,247358450,-122.03439,47.5301,PUGET SOUND ENERGY INC||CITY OF TACOMA - (WA),53033032604
Unique,Washington,Unique,YV4BR0PLXJ,King,Seattle,98103,2018,8,Volvo,XC90,Plug-in Hybrid Electric Vehicle (PHEV),Not eligible due to low battery range,19,64950,36,298759583,-122.35436,47.67596,CITY OF SEATTLE - (WA)|CITY OF TACOMA - (WA),53033001702
Unique,Washington,Unique,KNDJX3AE5J,King,Kirkland,98033,2018,8,Kia,SOUL EV,Battery Electric Vehicle (BEV),Clean Alternative Fuel Vehicle Eligible,111,33950,48,278816310,-122.2066,47.67887,PUGET SOUND ENERGY INC||CITY OF TACOMA - (WA),53033022604
Unique,Washington,Unique,5YJSA1AC7D,King,Bellevue,98005,2013,13,Tesla,MODEL S,Battery Electric Vehicle (BEV),Clean Alternative Fuel Vehicle Eligible,208,69900,48,264474892,-122.1621,47.64441,PUGET SOUND ENERGY INC||CITY OF TACOMA - (WA),53033022805
Unique,Washington,Unique,LYVBR0DM2K,Pierce,Tacoma,98422,2019,7,Volvo,XC60,Plug-in Hybrid Electric Vehicle (PHEV),Not eligible due to low battery range,17,52900,27,476596767,-122.41666,47.30682,BONNEVILLE POWER ADMINISTRATION||CITY OF TACOMA - (WA)||PENINSULA LIGHT COMPANY,53053940011
Unique,Washington,Unique,LYVBR0DM3K,King,Seattle,98112,2019,7,Volvo,XC60,Plug-in Hybrid Electric Vehicle (PHEV),Not eligible due to low battery range,17,52900,43,338369720,-122.30716,47.62687,CITY OF SEATTLE - (WA)|CITY OF TACOMA - (WA),53033006400
Unique,Washington,Unique,YV4BR0DMXJ,King,Seattle,98122,2018,8,Volvo,XC60,Plug-in Hybrid Electric Vehicle (PHEV),Not eligible due to low battery range,17,52900,37,348429700,-122.31009,47.60803,CITY OF SEATTLE - (WA)|CITY OF TACOMA - (WA),53033007700
Unique,Washington,Unique,2C4RC1L74K,Kitsap,Bainbridge Island,98110,2019,7,Chrysler,PACIFICA,Plug-in Hybrid Electric Vehicle (PHEV),Clean Alternative Fuel Vehicle Eligible,32,39995,23,114419329,-122.521,47.62728,PUGET SOUND ENERGY INC,53035090901
Unique,Washington,Unique,LYVBR0DM3J,Spokane,Liberty Lake,99019,2018,8,Volvo,XC60,Plug-in Hybrid Electric Vehicle (PHEV),Not eligible due to low battery range,17,52900,4,182009096,-117.1015,47.66829,BONNEVILLE POWER ADMINISTRATION||AVISTA CORP||INLAND POWER & LIGHT COMPANY,53063013205
Unique,Washington,Unique,5YJSA1CP2D,King,Auburn,98092,2013,13,Tesla,MODEL S,Battery Electric Vehicle (BEV),Clean Alternative Fuel Vehicle Eligible,208,69900,47,2703830,-122.17663,47.32326,PUGET SOUND ENERGY INC||CITY OF TACOMA - (WA),53033031204
Unique,Washington,Unique,5YJSA1DP7D,Snohomish,Marysville,98270,2013,13,Tesla,MODEL S,Battery Electric Vehicle (BEV),Clean Alternative Fuel Vehicle Eligible,208,69900,38,137100358,-122.1769,48.06114,PUGET SOUND ENERGY INC,53061052906
Unique,Washington,Unique,5YJSA1DG9D,Skagit,Anacortes,98221,2013,13,Tesla,MODEL S,Battery Electric Vehicle (BEV),Clean Alternative Fuel Vehicle Eligible,208,69900,40,191971797,-122.61214,48.51748,PUGET SOUND ENERGY INC,53057940700
Unique,Washington,Unique,5YJRE1A34B,King,Mercer Island,98040,2011,15,Tesla,ROADSTER,Battery Electric Vehicle (BEV),Clean Alternative Fuel Vehicle Eligible,245,109000,41,9547569,-122.21238,47.57816,PUGET SOUND ENERGY INC||CITY OF TACOMA - (WA),53033024601
Unique,Washington,Unique,5YJSA1CG8D,Benton,Kennewick,99338,2013,13,Tesla,MODEL S,Battery Electric Vehicle (BEV),Clean Alternative Fuel Vehicle Eligible,208,69900,16,141110287,-119.3118,46.20664,BONNEVILLE POWER ADMINISTRATION||PUD NO 1 OF BENTON COUNTY,53005010814
Unique,Washington,Unique,YH4K10BA2C,Mason,Belfair,98528,2012,14,Fisker,KARMA,Plug-in Hybrid Electric Vehicle (PHEV),Clean Alternative Fuel Vehicle Eligible,33,102000,35,275990130,-122.82764,47.45054,BONNEVILLE POWER ADMINISTRATION||CITY OF TACOMA - (WA)||PUD NO 3 OF MASON COUNTY,53045960500
Unique,Washington,Unique,WBAJB1C5XK,San Juan,Shaw Island,98286,2019,7,Bmw,530E,Plug-in Hybrid Electric Vehicle (PHEV),Not eligible due to low battery range,15,55700,40,239640649,-122.92991,48.58348,BONNEVILLE POWER ADMINISTRATION||ORCAS POWER & LIGHT COOP,53055960502
Unique,Washington,Unique,WBAJB1C5XJ,King,Sammamish,98075,2018,8,Bmw,530E,Plug-in Hybrid Electric Vehicle (PHEV),Not eligible due to low battery range,14,54950,41,197109881,-122.03539,47.61344,PUGET SOUND ENERGY INC||CITY OF TACOMA - (WA),53033032218
Unique,Washington,Unique,LREKK5RX2J,Pierce,Fircrest,98466,2018,8,Cadillac,CT6,Plug-in Hybrid Electric Vehicle (PHEV),Clean Alternative Fuel Vehicle Eligible,31,75095,28,117039205,-122.5338,47.23594,BONNEVILLE POWER ADMINISTRATION||CITY OF TACOMA - (WA)||PENINSULA LIGHT COMPANY,53053072305
Unique,Washington,Unique,5YJSA1DPXC,Thurston,Olympia,98502,2012,14,Tesla,MODEL S,Battery Electric Vehicle (BEV),Clean Alternative Fuel Vehicle Eligible,265,59900,22,188634442,-122.92333,47.03779,PUGET SOUND ENERGY INC,53067010600
Unique,Washington,Unique,LYVBR0DL1J,Kitsap,Port Orchard,98367,2018,8,Volvo,XC60,Plug-in Hybrid Electric Vehicle (PHEV),Not eligible due to low battery range,17,52900,35,168492047,-122.65745,47.4916,PUGET SOUND ENERGY INC,53035092901
Unique,Washington,Unique,5YJSA1DP9C,King,Medina,98039,2012,14,Tesla,MODEL S,Battery Electric Vehicle (BEV),Clean Alternative Fuel Vehicle Eligible,265,59900,48,103464042,-122.23892,47.61613,PUGET SOUND ENERGY INC||CITY OF TACOMA - (WA),53033024200
Unique,Washington,Unique,WBA8E1C36H,Thurston,Olympia,98501,2017,9,Bmw,330E,Plug-in Hybrid Electric Vehicle (PHEV),Not eligible due to low battery range,14,44100,35,348755004,-122.89166,47.03956,PUGET SOUND ENERGY INC,53067011821
Unique,Washington,Unique,KNDJX3AE1G,Spokane,Edwall,99008,2016,10,Kia,SOUL,Battery Electric Vehicle (BEV),Clean Alternative Fuel Vehicle Eligible,93,31950,6,232782931,-117.95109,47.50524,BONNEVILLE POWER ADMINISTRATION||AVISTA CORP||INLAND POWER & LIGHT COMPANY,53063014100
Unique,Washington,Unique,LYVBR0DL1K,King,Seattle,98115,2019,7,Volvo,XC60,Plug-in Hybrid Electric Vehicle (PHEV),Not eligible due to low battery range,17,52900,46,151492911,-122.31765,47.70013,CITY OF SEATTLE - (WA)|CITY OF TACOMA - (WA),53033004201
Unique,Washington,Unique,KNDJP3AE4H,King,Kirkland,98033,2017,9,Kia,SOUL EV,Battery Electric Vehicle (BEV),Clean Alternative Fuel Vehicle Eligible,93,32250,48,260073019,-122.2066,47.67887,PUGET SOUND ENERGY INC||CITY OF TACOMA - (WA),53033022501
Unique,Washington,Unique,5YJSA1CP8D,Kitsap,Kingston,98346,2013,13,Tesla,MODEL S,Battery Electric Vehicle (BEV),Clean Alternative Fuel Vehicle Eligible,208,69900,23,241115927,-122.49771,47.79803,PUGET SOUND ENERGY INC,53035090102
Unique,Washington,Unique,YV4BR0PM1J,Pierce,Buckley,98321,2018,8,Volvo,XC90,Plug-in Hybrid Electric Vehicle (PHEV),Not eligible due to low battery range,19,64950,31,122199815,-122.02523,47.16299,PUGET SOUND ENERGY INC||CITY OF TACOMA - (WA),53053070205
Unique,Washington,Unique,5YJSA1CNXD,Kittitas,Ronald,98940,2013,13,Tesla,MODEL S,Battery Electric Vehicle (BEV),Clean Alternative Fuel Vehicle Eligible,208,69900,13,244824982,-121.02627,47.23781,PUGET SOUND ENERGY INC,53037975101
Unique,Washington,Unique,KNDJX3AE0G,Pierce,Anderson Island,98303,2016,10,Kia,SOUL,Battery Electric Vehicle (BEV),Clean Alternative Fuel Vehicle Eligible,93,31950,28,235620556,-122.67876,47.17794,BONNEVILLE POWER ADMINISTRATION||CITY OF TACOMA - (WA)||PENINSULA LIGHT COMPANY,53053072603
Unique,Washington,Unique,KNDJX3AEXJ,King,Kenmore,98028,2018,8,Kia,SOUL EV,Battery Electric Vehicle (BEV),Clean Alternative Fuel Vehicle Eligible,111,33950,46,294597187,-122.24369,47.75892,PUGET SOUND ENERGY INC||CITY OF TACOMA - (WA),53033022101
Unique,Washington,Unique,WMZYU7C52K,Pierce,Lakewood,98499,2019,7,Mini,COUNTRYMAN,Plug-in Hybrid Electric Vehicle (PHEV),Not eligible due to low battery range,12,36900,28,185172109,-122.51495,47.16195,BONNEVILLE POWER ADMINISTRATION||CITY OF TACOMA - (WA)||PENINSULA LIGHT COMPANY,53053071902
Unique,Washington,Unique,YH4K14AA5C,King,Renton,98056,2012,14,Fisker,KARMA,Plug-in Hybrid Electric Vehicle (PHEV),Clean Alternative Fuel Vehicle Eligible,33,102000,41,778417,-122.18463,47.49929,PUGET SOUND ENERGY INC||CITY OF TACOMA - (WA),53033024704
Unique,Washington,Unique,WMZYU7C43J,King,Kirkland,98033,2018,8,Mini,COUNTRYMAN,Plug-in Hybrid Electric Vehicle (PHEV),Not eligible due to low battery range,12,36800,45,312970920,-122.2066,47.67887,PUGET SOUND ENERGY INC||CITY OF TACOMA - (WA),53033022401
Unique,Washington,Unique,5YJSA1DPXD,Clark,Vancouver,98661,2013,13,Tesla,MODEL S,Battery Electric Vehicle (BEV),Clean Alternative Fuel Vehicle Eligible,208,69900,49,114453867,-122.62934,45.63201,BONNEVILLE POWER ADMINISTRATION||PUD NO 1 OF CLARK COUNTY - (WA),53011042800
Unique,Washington,Unique,5YJSA1BG5D,King,Shoreline,98155,2013,13,Tesla,MODEL S,Battery Electric Vehicle (BEV),Clean Alternative Fuel Vehicle Eligible,208,69900,32,194360526,-122.31327,47.75736,CITY OF SEATTLE - (WA)|CITY OF TACOMA - (WA),53033020402
Unique,Washington,Unique,WMZYU7C48J,King,Seattle,98105,2018,8,Mini,COUNTRYMAN,Plug-in Hybrid Electric Vehicle (PHEV),Not eligible due to low battery range,12,36800,43,347957550,-122.31307,47.66127,CITY OF SEATTLE - (WA)|CITY OF TACOMA - (WA),53033005201
Unique,Washington,Unique,YV4BR0DM4J,King,Kirkland,98033,2018,8,Volvo,XC60,Plug-in Hybrid Electric Vehicle (PHEV),Not eligible due to low battery range,17,52900,45,289844621,-122.2066,47.67887,PUGET SOUND ENERGY INC||CITY OF TACOMA - (WA),53033022006
Unique,Washington,Unique,WBA8E1C34H,King,Seattle,98103,2017,9,Bmw,330E,Plug-in Hybrid Electric Vehicle (PHEV),Not eligible due to low battery range,14,44100,46,348418164,-122.35436,47.67596,CITY OF SEATTLE - (WA)|CITY OF TACOMA - (WA),53033001800
Unique,Washington,Unique,WBAJA9C52K,King,Sammamish,98074,2019,7,Bmw,530E,Plug-in Hybrid Electric Vehicle (PHEV),Not eligible due to low battery range,16,53400,45,172230236,-122.02054,47.60326,PUGET SOUND ENERGY INC||CITY OF TACOMA - (WA),53033032225
Unique,Washington,Unique,5YJSA1DN6C,King,Woodinville,98072,2012,14,Tesla,MODEL S,Battery Electric Vehicle (BEV),Clean Alternative Fuel Vehicle Eligible,265,59900,45,129195699,-122.15545,47.75448,PUGET SOUND ENERGY INC||CITY OF TACOMA - (WA),53033032307
Unique,Washington,Unique,2C4RC1H75K,Pierce,Lakewood,98499,2019,7,Chrysler,PACIFICA,Plug-in Hybrid Electric Vehicle (PHEV),Clean Alternative Fuel Vehicle Eligible,32,39995,29,101109921,-122.51495,47.16195,BONNEVILLE POWER ADMINISTRATION||CITY OF TACOMA - (WA)||LAKEVIEW LIGHT & POWER|PENINSULA LIGHT COMPANY,53053071807
Unique,Washington,Unique,WBA8E1C58H,King,Issaquah,98027,2017,9,Bmw,330E,Plug-in Hybrid Electric Vehicle (PHEV),Not eligible due to low battery range,14,44100,5,349721998,-122.03439,47.5301,PUGET SOUND ENERGY INC||CITY OF TACOMA - (WA),53033032102
Unique,Washington,Unique,WMZYU7C4XJ,Whatcom,Bellingham,98229,2018,8,Mini,COUNTRYMAN,Plug-in Hybrid Electric Vehicle (PHEV),Not eligible due to low battery range,12,36800,40,191471899,-122.45516,48.74487,PUGET SOUND ENERGY INC||PUD NO 1 OF WHATCOM COUNTY,53073000808
Unique,Washington,Unique,YV4BR0PL4J,Kitsap,Bainbridge Island,98110,2018,8,Volvo,XC90,Plug-in Hybrid Electric Vehicle (PHEV),Not eligible due to low battery range,19,64950,23,125738168,-122.521,47.62728,PUGET SOUND ENERGY INC,53035090902
Unique,Washington,Unique,WMZYU7C42J,Snohomish,Edmonds,98026,2018,8,Mini,COUNTRYMAN,Plug-in Hybrid Electric Vehicle (PHEV),Not eligible due to low battery range,12,36800,21,156481958,-122.31768,47.87166,PUGET SOUND ENERGY INC,53061050404
Unique,Washington,Unique,5YJSA1CN3D,Snohomish,Mukilteo,98275,2013,13,Tesla,MODEL S,Battery Electric Vehicle (BEV),Clean Alternative Fuel Vehicle Eligible,208,69900,21,152801827,-122.29196,47.89908,PUGET SOUND ENERGY INC,53061042001
Unique,Washington,Unique,LYVBR0DL2K,Snohomish,Edmonds,98020,2019,7,Volvo,XC60,Plug-in Hybrid Electric Vehicle (PHEV),Not eligible due to low battery range,17,52900,21,268826974,-122.37689,47.81116,PUGET SOUND ENERGY INC,53061050300
Unique,Washington,Unique,5YJSA1CN1D,Whatcom,Bellingham,98225,2013,13,Tesla,MODEL S,Battery Electric Vehicle (BEV),Clean Alternative Fuel Vehicle Eligible,208,69900,40,474318295,-122.47122,48.75235,PUGET SOUND ENERGY INC||PUD NO 1 OF WHATCOM COUNTY,53073001000
Unique,Washington,Unique,LREKK5RX5J,Snohomish,Everett,98201,2018,8,Cadillac,CT6,Plug-in Hybrid Electric Vehicle (PHEV),Clean Alternative Fuel Vehicle Eligible,31,75095,38,475617803,-122.20596,47.97659,PUGET SOUND ENERGY INC,53061040400
Unique,Washington,Unique,5YJSA1CN4D,Snohomish,Edmonds,98020,2013,13,Tesla,MODEL S,Battery Electric Vehicle (BEV),Clean Alternative Fuel Vehicle Eligible,208,69900,21,211219928,-122.37689,47.81116,PUGET SOUND ENERGY INC,53061050403
Unique,Washington,Unique,WBAJA9C51K,Kitsap,Bainbridge Island,98110,2019,7,Bmw,530E,Plug-in Hybrid Electric Vehicle (PHEV),Not eligible due to low battery range,16,53400,23,166500421,-122.521,47.62728,PUGET SOUND ENERGY INC,53035090800
